chapter,figure_file,maple_script,script_path,confidence,match_method
phenomenon,phenomenon_lorenz_xt_series,phenomenon_lorenz.mw,Figs_phenomenon/creators/phenomenon_lorenz.mw,high,content
phenomenon,phenomenon_lorenz_xt_two_series_em3,phenomenon_lorenz.mw,Figs_phenomenon/creators/phenomenon_lorenz.mw,high,content
phenomenon,phenomenon_lorenz_xt_two_series_em5,phenomenon_lorenz.mw,Figs_phenomenon/creators/phenomenon_lorenz.mw,high,content
phenomenon,phenomenon_lorenz_phasespace_close,phenomenon_lorenz.mw,Figs_phenomenon/creators/phenomenon_lorenz.mw,high,content
phenomenon,phenomenon_lorenz_phasespace_far,phenomenon_lorenz.mw,Figs_phenomenon/creators/phenomenon_lorenz.mw,high,content
phenomenon,3body,(no maple script - xfig/manual schematic),,n/a,manual
phenomenon,phenomenon_3body_example1a,phenomenon_3body_examples.mw,Figs_phenomenon/creators/phenomenon_3body_examples.mw,high,content
phenomenon,phenomenon_3body_example1b,phenomenon_3body_examples.mw,Figs_phenomenon/creators/phenomenon_3body_examples.mw,high,content
phenomenon,phenomenon_3body_example2a,phenomenon_3body_examples.mw,Figs_phenomenon/creators/phenomenon_3body_examples.mw,high,content
phenomenon,phenomenon_3body_example2b,phenomenon_3body_examples.mw,Figs_phenomenon/creators/phenomenon_3body_examples.mw,high,content
phenomenon,phenomenon_3body_example3a,phenomenon_3body_examples.mw,Figs_phenomenon/creators/phenomenon_3body_examples.mw,high,content
phenomenon,phenomenon_3body_example3b,phenomenon_3body_examples.mw,Figs_phenomenon/creators/phenomenon_3body_examples.mw,high,content
phenomenon,phenomenon_3body_example_sensitivity,phenomenon_3body_examples.mw,Figs_phenomenon/creators/phenomenon_3body_examples.mw,high,content
phenomenon,phenomenon_3body_example_sensitivity_corot,phenomenon_3body_examples.mw,Figs_phenomenon/creators/phenomenon_3body_examples.mw,high,content
disc1d,disc1d_logist_series_r1_5,disc1d_logist_series.mws,Figs_disc1d/creators/disc1d_logist_series.mws,high,content
disc1d,disc1d_logist_series_r3_2,disc1d_logist_series.mws,Figs_disc1d/creators/disc1d_logist_series.mws,high,content
disc1d,disc1d_logist_series_r3_5,disc1d_logist_series.mws,Figs_disc1d/creators/disc1d_logist_series.mws,high,content
disc1d,disc1d_logist_series_r3_9,disc1d_logist_series.mws,Figs_disc1d/creators/disc1d_logist_series.mws,high,content
disc1d,disc1d_logist_cobweb_r2_7,disc1d_logist_cobweb.mws,Figs_disc1d/creators/disc1d_logist_cobweb.mws,high,content
disc1d,disc1d_logist_cobweb_r3_2,disc1d_logist_cobweb.mws,Figs_disc1d/creators/disc1d_logist_cobweb.mws,high,content
disc1d,disc1d_logist_cobweb_r3_9,disc1d_logist_cobweb.mws,Figs_disc1d/creators/disc1d_logist_cobweb.mws,high,content
disc1d,disc1d_logist_return_r1_5,disc1d_logist_return.mws,Figs_disc1d/creators/disc1d_logist_return.mws,high,content
disc1d,disc1d_logist_return_r3_2,disc1d_logist_return.mws,Figs_disc1d/creators/disc1d_logist_return.mws,high,content
disc1d,disc1d_logist_return_r3_5,disc1d_logist_return.mws,Figs_disc1d/creators/disc1d_logist_return.mws,high,content
disc1d,disc1d_logist_return_r3_9,disc1d_logist_return.mws,Figs_disc1d/creators/disc1d_logist_return.mws,high,content
disc1d,disc1d_unknownmapping_series_henon,disc1d_unknownmapping.mws,Figs_disc1d/creators/disc1d_unknownmapping.mws,high,content
disc1d,disc1d_unknownmapping_return_henon,disc1d_unknownmapping.mws,Figs_disc1d/creators/disc1d_unknownmapping.mws,high,content
disc1d,disc1d_unknownmapping_series_noise,disc1d_unknownmapping.mws,Figs_disc1d/creators/disc1d_unknownmapping.mws,high,content
disc1d,disc1d_unknownmapping_return_noise,disc1d_unknownmapping.mws,Figs_disc1d/creators/disc1d_unknownmapping.mws,high,content
disc1d,disc1d_unknownmapping_series_sin3map,disc1d_unknownmapping.mws,Figs_disc1d/creators/disc1d_unknownmapping.mws,high,content
disc1d,disc1d_unknownmapping_return_sin3map,disc1d_unknownmapping.mws,Figs_disc1d/creators/disc1d_unknownmapping.mws,high,content
disc1d,disc1d_logist_attractor_r1_5,disc1d_logist_attractor.mws,Figs_disc1d/creators/disc1d_logist_attractor.mws,high,content
disc1d,disc1d_logist_attractor_local_r2_0,disc1d_logist_attractor_local.mws,Figs_disc1d/creators/disc1d_logist_attractor_local.mws,high,content
disc1d,disc1d_logist_attractor_local_r1_5,disc1d_logist_attractor_local.mws,Figs_disc1d/creators/disc1d_logist_attractor_local.mws,high,content
disc1d,disc1d_logist_p2graph,disc1d_logist_p2graph.mws,Figs_disc1d/creators/disc1d_logist_p2graph.mws,high,content
disc1d,disc1d_logist_p3graph_r380,disc1d_logist_p3graph.mws,Figs_disc1d/creators/disc1d_logist_p3graph.mws,high,content
disc1d,disc1d_logist_p3graph_r384,disc1d_logist_p3graph.mws,Figs_disc1d/creators/disc1d_logist_p3graph.mws,high,content
disc1d,disc1d_logist_bifur_theo,disc1d_logist_bifur_theo.mws,Figs_disc1d/creators/disc1d_logist_bifur_theo.mws,high,content
disc1d,disc1d_logist_stability_p3both,disc1d_logist_stability_p3both.mws,Figs_disc1d/creators/disc1d_logist_stability_p3both.mws,high,content
disc1d,disc1d_bifurcation_implicit_sin,disc1d_bifurcation_implicit_sin.mws,Figs_disc1d/creators/disc1d_bifurcation_implicit_sin.mws,high,content
disc1d,disc1d_logist_series_bifurcation,disc1d_logist_series_bifurcation.mws,Figs_disc1d/creators/disc1d_logist_series_bifurcation.mws,high,content
disc1d,disc1d_logist_series_bifurcation_zoom_doubling,disc1d_logist_series_bifurcation.mws,Figs_disc1d/creators/disc1d_logist_series_bifurcation.mws,high,content
disc1d,disc1d_logist_series_bifurcation_zoom_p3,disc1d_logist_series_bifurcation.mws,Figs_disc1d/creators/disc1d_logist_series_bifurcation.mws,high,content
disc1d,disc1d_logist_lyap_r39_lin,disc1d_logist_lyap.mws,Figs_disc1d/creators/disc1d_logist_lyap.mws,high,content
disc1d,disc1d_logist_lyap_r39_log,disc1d_logist_lyap.mws,Figs_disc1d/creators/disc1d_logist_lyap.mws,high,content
disc1d,disc1d_logist_lyap_bifurcation,disc1d_logist_lyap_bifurcation.mws,Figs_disc1d/creators/disc1d_logist_lyap_bifurcation.mws,high,content
disc1d,disc1d_shiftmap_series,disc1d_shiftmap_series.mws,Figs_disc1d/creators/disc1d_shiftmap_series.mws,high,content
disc1d,disc1d_shiftmap_returnplot,disc1d_shiftmap_series.mws,Figs_disc1d/creators/disc1d_shiftmap_series.mws,high,content
disc1d,disc1d_tentmap_series,disc1d_tentmap.mws,Figs_disc1d/creators/disc1d_tentmap.mws,high,content
disc1d,disc1d_tentmap_returnplot,disc1d_tentmap.mws,Figs_disc1d/creators/disc1d_tentmap.mws,high,content
disc1d,disc1d_logist_analytical,disc1d_logist_analytical.mw,Figs_disc1d/creators/disc1d_logist_analytical.mw,high,content
disc1d,disc1d_tanh_analytical,disc1d_tanh_analytical.mw,Figs_disc1d/creators/disc1d_tanh_analytical.mw,high,content
disc1d,disc1d_logist_pdf,disc1d_logist_pdf.mw,Figs_disc1d/creators/disc1d_logist_pdf.mw,high,content
disc1d,disc1d_sin3map_pdf,disc1d_sin3map_pdf.mw,Figs_disc1d/creators/disc1d_sin3map_pdf.mw,high,content
disc1d,disc1d_doubling_logist,disc1d_doubling_logist.mw,Figs_disc1d/creators/disc1d_doubling_logist.mw,high,content
disc1d,disc1d_doubling_sinmap,disc1d_doubling_sinmap.mw,Figs_disc1d/creators/disc1d_doubling_sinmap.mw,high,content
disc1d,disc1d_universality_logist,disc1d_universality_logist.mw,Figs_disc1d/creators/disc1d_universality_logist.mw,high,content
disc1d,disc1d_universality_sinmap,disc1d_universality_sinmap.mw,Figs_disc1d/creators/disc1d_universality_sinmap.mw,high,content
disc1d,disc1d_not_so_universal,disc1d_not_so_universal.mws,Figs_disc1d/creators/disc1d_not_so_universal.mws,high,content
disc2d,disc2d_Duffing_series1,disc2d_DuffingMap_series.mw,Figs_disc2d/creators/disc2d_DuffingMap_series.mw,high,content
disc2d,disc2d_Duffing_phase1,disc2d_DuffingMap_series.mw,Figs_disc2d/creators/disc2d_DuffingMap_series.mw,high,content
disc2d,disc2d_Duffing_series2,disc2d_DuffingMap_series.mw,Figs_disc2d/creators/disc2d_DuffingMap_series.mw,high,content
disc2d,disc2d_Duffing_phase2,disc2d_DuffingMap_series.mw,Figs_disc2d/creators/disc2d_DuffingMap_series.mw,high,content
disc2d,disc2d_Duffing_bifurx,disc2d_DuffingMap_series.mw,Figs_disc2d/creators/disc2d_DuffingMap_series.mw,high,content
disc2d,disc2d_Duffing_bifury,disc2d_DuffingMap_series.mw,Figs_disc2d/creators/disc2d_DuffingMap_series.mw,high,content
disc2d,disc2d_bowl_chaos,disc2d_Paraball.mw,Figs_disc2d/creators/disc2d_Paraball.mw,high,content
disc2d,disc2d_bowl_periodic,disc2d_Paraball.mw,Figs_disc2d/creators/disc2d_Paraball.mw,high,content
disc2d,disc2d_bowl_energies,disc2d_Paraball.mw,Figs_disc2d/creators/disc2d_Paraball.mw,high,content
disc2d,disc2d_HenonAttractor,disc2d_HenonAttractor.mw,Figs_disc2d/creators/disc2d_HenonAttractor.mw,high,content
disc2d,disc2d_HenonLyap,disc2d_HenonLyap.mw,Figs_disc2d/creators/disc2d_HenonLyap.mw,high,content
disc2d,disc2d_HenonFold0,disc2d_HenonFold.mw,Figs_disc2d/creators/disc2d_HenonFold.mw,high,content
disc2d,disc2d_HenonFold1,disc2d_HenonFold.mw,Figs_disc2d/creators/disc2d_HenonFold.mw,high,content
disc2d,disc2d_HenonFold2,disc2d_HenonFold.mw,Figs_disc2d/creators/disc2d_HenonFold.mw,high,content
disc2d,disc2d_HenonFold3,disc2d_HenonFold.mw,Figs_disc2d/creators/disc2d_HenonFold.mw,high,content
disc2d,disc2d_HenonFold4,disc2d_HenonFold.mw,Figs_disc2d/creators/disc2d_HenonFold.mw,high,content
disc2d,disc2d_HenonFold5,HenonStretchfoldHJrnd.mw,Figs_disc2d/creators/HenonStretchfoldHJrnd.mw,high,content(multi:HenonStretchfoldHJrnd.mw;disc2d_HenonFold.mw;disc2d_HenonStretchContract.mw)
disc2d,disc2d_HenonStretch0,disc2d_HenonStretchContract.mw,Figs_disc2d/creators/disc2d_HenonStretchContract.mw,medium,convention
disc2d,disc2d_HenonStretch4,disc2d_HenonStretchContract.mw,Figs_disc2d/creators/disc2d_HenonStretchContract.mw,medium,convention
disc2d,disc2d_HenonStretch8,disc2d_HenonStretchContract.mw,Figs_disc2d/creators/disc2d_HenonStretchContract.mw,medium,convention
disc2d,disc2d_HenonStretch12,disc2d_HenonStretchContract.mw,Figs_disc2d/creators/disc2d_HenonStretchContract.mw,medium,convention
disc2d,disc2d_HenonStretch16,disc2d_HenonStretchContract.mw,Figs_disc2d/creators/disc2d_HenonStretchContract.mw,medium,convention
disc2d,disc2d_HenonStretch20,disc2d_HenonStretchContract.mw,Figs_disc2d/creators/disc2d_HenonStretchContract.mw,medium,convention
disc2d,disc2d_kickedrotor,disc2d_kickedrotor.mw,Figs_disc2d/creators/disc2d_kickedrotor.mw,high,exact-name
disc2d,disc2d_kickedrotor_delta,disc2d_kickedrotor.mw,Figs_disc2d/creators/disc2d_kickedrotor.mw,high,content
disc2d,disc2d_kickedrotor_v,disc2d_kickedrotor.mw,Figs_disc2d/creators/disc2d_kickedrotor.mw,high,content
disc2d,disc2d_kickedrotor_theta,disc2d_kickedrotor.mw,Figs_disc2d/creators/disc2d_kickedrotor.mw,high,content
disc2d,disc2d_circle,disc2d_circlemap.mw,Figs_disc2d/creators/disc2d_circlemap.mw,medium,output-prefix
disc2d,disc2d_lincircle_cobweb,disc2d_lincirclemap.mw,Figs_disc2d/creators/disc2d_lincirclemap.mw,high,content
disc2d,disc2d_lincircle_quasi,disc2d_lincirclemap.mw,Figs_disc2d/creators/disc2d_lincirclemap.mw,high,content
disc2d,disc2d_lincircle_quasi_cobweb,disc2d_lincirclemap.mw,Figs_disc2d/creators/disc2d_lincirclemap.mw,high,content
disc2d,disc2d_circlemap_series,disc2d_circlemap.mw,Figs_disc2d/creators/disc2d_circlemap.mw,high,content
disc2d,disc2d_circlemap_return_p2,disc2d_circlemap.mw,Figs_disc2d/creators/disc2d_circlemap.mw,high,content
disc2d,disc2d_circlemap_winding,disc2d_circlemap.mw,Figs_disc2d/creators/disc2d_circlemap.mw,high,content
disc2d,disc2d_circlemap_bifurcation,disc2d_circlemap.mw,Figs_disc2d/creators/disc2d_circlemap.mw,high,content
disc2d,disc2d_circlemap_lyapunov,disc2d_circlemap.mw,Figs_disc2d/creators/disc2d_circlemap.mw,medium,prefix
disc2d,disc2d_standardmap_quasi,disc2d_standardmap.mw,Figs_disc2d/creators/disc2d_standardmap.mw,high,content(multi:disc2d_standardmap.mw;disc2d_stretching.mw)
disc2d,disc2d_standardmap_chaos,disc2d_standardmap.mw,Figs_disc2d/creators/disc2d_standardmap.mw,high,content(multi:disc2d_standardmap.mw;disc2d_stretching.mw)
disc2d,disc2d_standardmap_quasi_return,disc2d_standardmap.mw,Figs_disc2d/creators/disc2d_standardmap.mw,high,content(multi:disc2d_standardmap.mw;disc2d_stretching.mw)
disc2d,disc2d_standardmap_chaos_return,disc2d_standardmap.mw,Figs_disc2d/creators/disc2d_standardmap.mw,high,content(multi:disc2d_standardmap.mw;disc2d_stretching.mw)
disc2d,disc2d_standardmap_quasi_deviations,disc2d_standardmap.mw,Figs_disc2d/creators/disc2d_standardmap.mw,high,content(multi:disc2d_standardmap.mw;disc2d_stretching.mw)
disc2d,disc2d_standardmap_chaos_deviations,disc2d_standardmap.mw,Figs_disc2d/creators/disc2d_standardmap.mw,high,content(multi:disc2d_standardmap.mw;disc2d_stretching.mw)
disc2d,disc2d_standardmap_phase,disc2d_standardmap.mw,Figs_disc2d/creators/disc2d_standardmap.mw,high,content(multi:disc2d_standardmap.mw;disc2d_stretching.mw)
disc2d,disc2d_standardmap_phasetorus,disc2d_standardmap.mw,Figs_disc2d/creators/disc2d_standardmap.mw,high,content(multi:disc2d_standardmap.mw;disc2d_stretching.mw)
disc2d,disc2d_standardmap_saddlenode_n=-6,disc2d_standardmap_saddlenode.mw,Figs_disc2d/creators/disc2d_standardmap_saddlenode.mw,medium,prefix
disc2d,disc2d_standardmap_saddlenode_n=-5,disc2d_standardmap_saddlenode.mw,Figs_disc2d/creators/disc2d_standardmap_saddlenode.mw,medium,prefix
disc2d,disc2d_standardmap_saddlenode_n=-4,disc2d_standardmap_saddlenode.mw,Figs_disc2d/creators/disc2d_standardmap_saddlenode.mw,medium,prefix
disc2d,disc2d_standardmap_saddlenode_n=-3,disc2d_standardmap_saddlenode.mw,Figs_disc2d/creators/disc2d_standardmap_saddlenode.mw,medium,prefix
disc2d,disc2d_standardmap_saddlenode_n=0,disc2d_standardmap_saddlenode.mw,Figs_disc2d/creators/disc2d_standardmap_saddlenode.mw,medium,prefix
disc2d,disc2d_standardmap_saddlenode_n=3,disc2d_standardmap_saddlenode.mw,Figs_disc2d/creators/disc2d_standardmap_saddlenode.mw,medium,prefix
disc2d,disc2d_standardmap_saddlenode_n=4,disc2d_standardmap_saddlenode.mw,Figs_disc2d/creators/disc2d_standardmap_saddlenode.mw,medium,prefix
disc2d,disc2d_standardmap_saddlenode_n=5,disc2d_standardmap_saddlenode.mw,Figs_disc2d/creators/disc2d_standardmap_saddlenode.mw,medium,prefix
disc2d,disc2d_standardmap_saddlenode_n=6,disc2d_standardmap_saddlenode.mw,Figs_disc2d/creators/disc2d_standardmap_saddlenode.mw,medium,prefix
disc2d,disc2d_manifolds,disc2d_standardmap_saddlenode.mw,Figs_disc2d/creators/disc2d_standardmap_saddlenode.mw,REVIEW,review
disc2d,disc2d_standardmap_manifolds,disc2d_standardmap_saddlenode.mw,Figs_disc2d/creators/disc2d_standardmap_saddlenode.mw,high,content
cont1d,cont1d_simplecubic_graph,normalforms.mws,Figs_cont1d/creators/normalforms.mws,medium,output-prefix
cont1d,cont1d_simplecubic_evolution,normalforms.mws,Figs_cont1d/creators/normalforms.mws,medium,output-prefix
cont1d,cont1d_generic_graphical_stable,cont1d_generic_graphical.mw,Figs_cont1d/creators/cont1d_generic_graphical.mw,medium,prefix
cont1d,cont1d_generic_graphical_unstable,cont1d_generic_graphical.mw,Figs_cont1d/creators/cont1d_generic_graphical.mw,medium,prefix
cont1d,cont1d_bifur_pitchfork1,cont1d_bifur_pitchfork.mw,Figs_cont1d/creators/cont1d_bifur_pitchfork.mw,medium,prefix
cont1d,cont1d_bifur_pitchfork2,cont1d_bifur_pitchfork.mw,Figs_cont1d/creators/cont1d_bifur_pitchfork.mw,medium,prefix
cont1d,cont1d_bifur_pitchfork3,cont1d_bifur_pitchfork.mw,Figs_cont1d/creators/cont1d_bifur_pitchfork.mw,medium,prefix
cont1d,cont1d_bifur_pitchfork,cont1d_bifur_pitchfork.mw,Figs_cont1d/creators/cont1d_bifur_pitchfork.mw,high,exact-name
cont1d,cont1d_bifur_saddle1,cont1d_saddle.mw,Figs_cont1d/creators/cont1d_saddle.mw,medium,convention
cont1d,cont1d_bifur_saddle2,cont1d_saddle.mw,Figs_cont1d/creators/cont1d_saddle.mw,medium,convention
cont1d,cont1d_bifur_saddle3,cont1d_saddle.mw,Figs_cont1d/creators/cont1d_saddle.mw,medium,convention
cont1d,cont1d_bifur_saddle,cont1d_saddle.mw,Figs_cont1d/creators/cont1d_saddle.mw,medium,convention
cont1d,cont1d_bifur_transcrit1,cont1d_transcrit.mw,Figs_cont1d/creators/cont1d_transcrit.mw,medium,convention
cont1d,cont1d_bifur_transcrit2,cont1d_transcrit.mw,Figs_cont1d/creators/cont1d_transcrit.mw,medium,convention
cont1d,cont1d_bifur_transcrit3,cont1d_transcrit.mw,Figs_cont1d/creators/cont1d_transcrit.mw,medium,convention
cont1d,cont1d_bifur_transcrit,cont1d_transcrit.mw,Figs_cont1d/creators/cont1d_transcrit.mw,medium,convention
cont1d,cont1d_bifur_pitchfork_sub1,cont1d_bifur_pitchfork.mw,Figs_cont1d/creators/cont1d_bifur_pitchfork.mw,medium,prefix
cont1d,cont1d_bifur_pitchfork_sub2,cont1d_bifur_pitchfork.mw,Figs_cont1d/creators/cont1d_bifur_pitchfork.mw,medium,prefix
cont1d,cont1d_bifur_pitchfork_sub3,cont1d_bifur_pitchfork.mw,Figs_cont1d/creators/cont1d_bifur_pitchfork.mw,medium,prefix
cont1d,cont1d_bifur_pitchfork_sub,cont1d_bifur_pitchfork.mw,Figs_cont1d/creators/cont1d_bifur_pitchfork.mw,medium,prefix
cont1d,cont1d_ferro_pitchfork1,cont1d_ferro_pitchfork.mw,Figs_cont1d/creators/cont1d_ferro_pitchfork.mw,medium,prefix
cont1d,cont1d_ferro_pitchfork2,cont1d_ferro_pitchfork.mw,Figs_cont1d/creators/cont1d_ferro_pitchfork.mw,medium,prefix
cont1d,cont1d_ferro_pitchfork3,cont1d_ferro_pitchfork.mw,Figs_cont1d/creators/cont1d_ferro_pitchfork.mw,medium,prefix
cont1d,cont1d_ferro_pitchfork,cont1d_ferro_pitchfork.mw,Figs_cont1d/creators/cont1d_ferro_pitchfork.mw,high,exact-name
cont1d,cont1d_ferro_pitchfork_stability,cont1d_ferro_pitchfork.mw,Figs_cont1d/creators/cont1d_ferro_pitchfork.mw,medium,prefix
cont1d,cont1d_ferro_pitch_evolution1,cont1d_ferro_pitch_numerical.mw,Figs_cont1d/creators/cont1d_ferro_pitch_numerical.mw,medium,convention
cont1d,cont1d_ferro_pitch_evolution2,cont1d_ferro_pitch_numerical.mw,Figs_cont1d/creators/cont1d_ferro_pitch_numerical.mw,medium,convention
cont1d,cont1d_ferro_field_bifurcation1,cont1d_ferro_field_bifurcation.mw,Figs_cont1d/creators/cont1d_ferro_field_bifurcation.mw,medium,prefix
cont1d,cont1d_ferro_field_bifurcation2,cont1d_ferro_field_bifurcation.mw,Figs_cont1d/creators/cont1d_ferro_field_bifurcation.mw,medium,prefix
cont1d,cont1d_ferro_field_bifurcation3,cont1d_ferro_field_bifurcation.mw,Figs_cont1d/creators/cont1d_ferro_field_bifurcation.mw,medium,prefix
cont1d,cont1d_ferro_field_bifurcation_large_m,cont1d_ferro_field_bifurcation.mw,Figs_cont1d/creators/cont1d_ferro_field_bifurcation.mw,medium,prefix
cont1d,cont1d_ferro_field_bifurcation_small_m,cont1d_ferro_field_bifurcation.mw,Figs_cont1d/creators/cont1d_ferro_field_bifurcation.mw,medium,prefix
cont1d,cont1d_ferro_field_hysteresis_T_1_5,cont1d_ferro_field_hysteresis.mw,Figs_cont1d/creators/cont1d_ferro_field_hysteresis.mw,medium,prefix
cont1d,cont1d_ferro_field_hysdata_T_1_5,cont1d_ferro_field_hysteresis.mw,Figs_cont1d/creators/cont1d_ferro_field_hysteresis.mw,medium,convention
cont1d,cont1d_ferro_field_hysteresis_T_1_25,cont1d_ferro_field_hysteresis.mw,Figs_cont1d/creators/cont1d_ferro_field_hysteresis.mw,medium,prefix
cont1d,cont1d_ferro_field_hysdata_T_1_25,cont1d_ferro_field_hysteresis.mw,Figs_cont1d/creators/cont1d_ferro_field_hysteresis.mw,medium,convention
cont1d,cont1d_ferro_field_hysteresis_T_1_0,cont1d_ferro_field_hysteresis.mw,Figs_cont1d/creators/cont1d_ferro_field_hysteresis.mw,medium,prefix
cont1d,cont1d_ferro_field_hysdata_T_1_0,cont1d_ferro_field_hysteresis.mw,Figs_cont1d/creators/cont1d_ferro_field_hysteresis.mw,medium,convention
cont1d,cont1d_ferro_field_hysteresis_T_0_75,cont1d_ferro_field_hysteresis.mw,Figs_cont1d/creators/cont1d_ferro_field_hysteresis.mw,medium,prefix
cont1d,cont1d_ferro_field_hysdata_T_0_75,cont1d_ferro_field_hysteresis.mw,Figs_cont1d/creators/cont1d_ferro_field_hysteresis.mw,medium,convention
cont1d,cont1d_ferro_field_hysteresis_T_0_5,cont1d_ferro_field_hysteresis.mw,Figs_cont1d/creators/cont1d_ferro_field_hysteresis.mw,medium,prefix
cont1d,cont1d_ferro_field_hysdata_T_0_5,cont1d_ferro_field_hysteresis.mw,Figs_cont1d/creators/cont1d_ferro_field_hysteresis.mw,medium,convention
cont1d,cont1d_ferro_field_hysteresis_3d,cont1d_ferro_field_hysteresis_3d.mw,Figs_cont1d/creators/cont1d_ferro_field_hysteresis_3d.mw,high,exact-name
cont1d,cont1d_ferro_field_hysteresis_zoom,cont1d_ferro_field_hysteresis.mw,Figs_cont1d/creators/cont1d_ferro_field_hysteresis.mw,medium,prefix
cont1d,cont1d_ferro_spin_T_0_50_a0,cont1d_FerroSpins.mw,Figs_cont1d/creators/cont1d_FerroSpins.mw,medium,convention
cont1d,cont1d_ferro_spin_T_0_50_b0,cont1d_FerroSpins.mw,Figs_cont1d/creators/cont1d_FerroSpins.mw,medium,convention
cont1d,cont1d_ferro_spin_T_1_50_a0,cont1d_FerroSpins.mw,Figs_cont1d/creators/cont1d_FerroSpins.mw,medium,convention
cont1d,cont1d_ferro_spin_T_1_50_b0,cont1d_FerroSpins.mw,Figs_cont1d/creators/cont1d_FerroSpins.mw,medium,convention
cont1d,cont1d_ferro_spin_T_0_50_a1,cont1d_FerroSpins.mw,Figs_cont1d/creators/cont1d_FerroSpins.mw,medium,convention
cont1d,cont1d_ferro_spin_T_0_50_b1,cont1d_FerroSpins.mw,Figs_cont1d/creators/cont1d_FerroSpins.mw,medium,convention
cont1d,cont1d_ferro_spin_T_1_50_a1,cont1d_FerroSpins.mw,Figs_cont1d/creators/cont1d_FerroSpins.mw,medium,convention
cont1d,cont1d_ferro_spin_T_1_50_b1,cont1d_FerroSpins.mw,Figs_cont1d/creators/cont1d_FerroSpins.mw,medium,convention
cont1d,cont1d_ferro_spin_T_0_50_a2,cont1d_FerroSpins.mw,Figs_cont1d/creators/cont1d_FerroSpins.mw,medium,convention
cont1d,cont1d_ferro_spin_T_0_50_b2,cont1d_FerroSpins.mw,Figs_cont1d/creators/cont1d_FerroSpins.mw,medium,convention
cont1d,cont1d_ferro_spin_T_1_50_a2,cont1d_FerroSpins.mw,Figs_cont1d/creators/cont1d_FerroSpins.mw,medium,convention
cont1d,cont1d_ferro_spin_T_1_50_b2,cont1d_FerroSpins.mw,Figs_cont1d/creators/cont1d_FerroSpins.mw,medium,convention
cont1d,cont1d_ferro_spin_T_0_50_a3,cont1d_FerroSpins.mw,Figs_cont1d/creators/cont1d_FerroSpins.mw,medium,convention
cont1d,cont1d_ferro_spin_T_0_50_b3,cont1d_FerroSpins.mw,Figs_cont1d/creators/cont1d_FerroSpins.mw,medium,convention
cont1d,cont1d_ferro_spin_T_1_50_a3,cont1d_FerroSpins.mw,Figs_cont1d/creators/cont1d_FerroSpins.mw,medium,convention
cont1d,cont1d_ferro_spin_T_1_50_b3,cont1d_FerroSpins.mw,Figs_cont1d/creators/cont1d_FerroSpins.mw,medium,convention
cont1d,cont1d_ferro_spin_T_0_50_a4,cont1d_FerroSpins.mw,Figs_cont1d/creators/cont1d_FerroSpins.mw,medium,convention
cont1d,cont1d_ferro_spin_T_0_50_b4,cont1d_FerroSpins.mw,Figs_cont1d/creators/cont1d_FerroSpins.mw,medium,convention
cont1d,cont1d_ferro_spin_T_1_50_a4,cont1d_FerroSpins.mw,Figs_cont1d/creators/cont1d_FerroSpins.mw,medium,convention
cont1d,cont1d_ferro_spin_T_1_50_b4,cont1d_FerroSpins.mw,Figs_cont1d/creators/cont1d_FerroSpins.mw,medium,convention
cont1d,cont1d_ferro_spin_T_0_50_a5,cont1d_FerroSpins.mw,Figs_cont1d/creators/cont1d_FerroSpins.mw,medium,convention
cont1d,cont1d_ferro_spin_T_0_50_b5,cont1d_FerroSpins.mw,Figs_cont1d/creators/cont1d_FerroSpins.mw,medium,convention
cont1d,cont1d_ferro_spin_T_1_50_a5,cont1d_FerroSpins.mw,Figs_cont1d/creators/cont1d_FerroSpins.mw,medium,convention
cont1d,cont1d_ferro_spin_T_1_50_b5,cont1d_FerroSpins.mw,Figs_cont1d/creators/cont1d_FerroSpins.mw,medium,convention
cont1d,cont1d_ferro_spin_T_0_50,cont1d_FerroSpins.mw,Figs_cont1d/creators/cont1d_FerroSpins.mw,medium,convention
cont1d,cont1d_ferro_spin_T_1_50,cont1d_FerroSpins.mw,Figs_cont1d/creators/cont1d_FerroSpins.mw,medium,convention
cont1d,cont1d_climate_single_fp,cont1d_climate_single_fp.mw,Figs_cont1d/creators/cont1d_climate_single_fp.mw,high,exact-name
cont1d,cont1d_climate_multiple_fp,cont1d_climate_single_fp.mw,Figs_cont1d/creators/cont1d_climate_single_fp.mw,medium,convention
cont2d,cont2d_LV_time,cont2d_LV.mws,Figs_cont2d/creators/cont2d_LV.mws,high,content(multi:cont2d_LV.mws;cont2d_LV2.mws;cont2d_LV3.mws;cont2d_LV4.mws;cont2d_LV5.mws;cont2d_LV6.mws;cont2d_LV7.mws)
cont2d,cont2d_phasespace,(no maple script found - likely hand-drawn schematic),,n/a,manual
cont2d,cont2d_LV_phase,cont2d_LV.mws,Figs_cont2d/creators/cont2d_LV.mws,high,content(multi:cont2d_LV.mws;cont2d_LV2.mws;cont2d_LV3.mws;cont2d_LV4.mws;cont2d_LV5.mws;cont2d_LV6.mws;cont2d_LV7.mws)
cont2d,cont2d_phase_r1,(no maple script found - likely hand-drawn schematic),,n/a,manual
cont2d,cont2d_phase_r2,(no maple script found - likely hand-drawn schematic),,n/a,manual
cont2d,cont2d_phase_r3,(no maple script found - likely hand-drawn schematic),,n/a,manual
cont2d,cont2d_phase_i1,(no maple script found - likely hand-drawn schematic),,n/a,manual
cont2d,cont2d_phase_i2,(no maple script found - likely hand-drawn schematic),,n/a,manual
cont2d,cont2d_phase_i3,(no maple script found - likely hand-drawn schematic),,n/a,manual
cont2d,cont2d_classification,(no maple script found - likely hand-drawn schematic),,n/a,manual
cont2d,cont2d_zoo,(review - no maple script found),,REVIEW,review
cont2d,cont2d_LV_E,cont2d_LV6.mws,Figs_cont2d/creators/cont2d_LV6.mws,high,content(multi:cont2d_LV6.mws;cont2d_LV7.mws)
cont2d,cont2d_gradient_ell1,cont2d_gradient2.mws,Figs_cont2d/creators/cont2d_gradient2.mws,high,content(multi:cont2d_gradient2.mws;cont2d_gradient3.mws)
cont2d,cont2d_gradient_ell2,cont2d_gradient2.mws,Figs_cont2d/creators/cont2d_gradient2.mws,high,content(multi:cont2d_gradient2.mws;cont2d_gradient3.mws)
cont2d,cont2d_gradient_hyp1,cont2d_gradient2.mws,Figs_cont2d/creators/cont2d_gradient2.mws,high,content(multi:cont2d_gradient2.mws;cont2d_gradient3.mws)
cont2d,cont2d_gradient_hyp2,cont2d_gradient2.mws,Figs_cont2d/creators/cont2d_gradient2.mws,high,content(multi:cont2d_gradient2.mws;cont2d_gradient3.mws)
cont2d,cont2d_conservative_E,cont2d_conservative.mws,Figs_cont2d/creators/cont2d_conservative.mws,high,content(multi:cont2d_conservative.mws;cont2d_conservative2.mws)
cont2d,cont2d_Limit_time,cont2d_Limit2.mws,Figs_cont2d/creators/cont2d_Limit2.mws,high,content
cont2d,cont2d_Limit_phase,cont2d_Limit.mws,Figs_cont2d/creators/cont2d_Limit.mws,high,content(multi:cont2d_Limit.mws;cont2d_Limit2.mws)
cont2d,cont2d_vdPol_phase,cont2d_vdPol.mws,Figs_cont2d/creators/cont2d_vdPol.mws,high,content(multi:cont2d_vdPol.mws;cont2d_vdPol2.mws)
cont2d,cont2d_pitchfork_phase1,cont2d_pitchfork5.mws,Figs_cont2d/creators/cont2d_pitchfork5.mws,high,content(multi:cont2d_pitchfork5.mws;cont2d_pitchfork6.mws)
cont2d,cont2d_pitchfork_phase2,cont2d_pitchfork5.mws,Figs_cont2d/creators/cont2d_pitchfork5.mws,high,content(multi:cont2d_pitchfork5.mws;cont2d_pitchfork6.mws)
cont2d,cont2d_pitchfork_fixed,cont2d_pitchfork.mw,Figs_cont2d/creators/cont2d_pitchfork.mw,high,content(multi:cont2d_pitchfork.mw;cont2d_pitchfork.mws;cont2d_pitchfork2.mws;cont2d_pitchfork3.mws;cont2d_pitchfork4.mws;cont2d_pitchfork5.mws;cont2d_pitchfork6.mws)
cont2d,cont2d_pitchfork_stab,cont2d_pitchfork.mw,Figs_cont2d/creators/cont2d_pitchfork.mw,high,content(multi:cont2d_pitchfork.mw;cont2d_pitchfork.mws;cont2d_pitchfork2.mws;cont2d_pitchfork3.mws;cont2d_pitchfork4.mws;cont2d_pitchfork5.mws;cont2d_pitchfork6.mws)
cont2d,cont2d_Hopf_time1,cont2d_Hopf.mws,Figs_cont2d/creators/cont2d_Hopf.mws,high,content(multi:cont2d_Hopf.mws;cont2d_Hopf2.mws;cont2d_Hopf3.mws)
cont2d,cont2d_Hopf_phase1,cont2d_Hopf.mws,Figs_cont2d/creators/cont2d_Hopf.mws,high,content(multi:cont2d_Hopf.mws;cont2d_Hopf2.mws;cont2d_Hopf3.mws;cont2d_global.mws;cont2d_global2.mws;cont2d_global3.mws)
cont2d,cont2d_Hopf_time2,cont2d_Hopf.mws,Figs_cont2d/creators/cont2d_Hopf.mws,high,content(multi:cont2d_Hopf.mws;cont2d_Hopf2.mws;cont2d_Hopf3.mws)
cont2d,cont2d_Hopf_phase2,cont2d_Hopf.mws,Figs_cont2d/creators/cont2d_Hopf.mws,high,content(multi:cont2d_Hopf.mws;cont2d_Hopf2.mws;cont2d_Hopf3.mws)
cont2d,cont2d_Hopf_ev1,cont2d_Hopf2.mws,Figs_cont2d/creators/cont2d_Hopf2.mws,high,content(multi:cont2d_Hopf2.mws;cont2d_Hopf3.mws)
cont2d,cont2d_Hopf_ev2,cont2d_Hopf2.mws,Figs_cont2d/creators/cont2d_Hopf2.mws,high,content(multi:cont2d_Hopf2.mws;cont2d_Hopf3.mws)
cont2d,cont2d_global_phase1,cont2d_global.mws,Figs_cont2d/creators/cont2d_global.mws,high,content(multi:cont2d_global.mws;cont2d_global2.mws;cont2d_global3.mws)
cont2d,cont2d_global_phase2,cont2d_global.mws,Figs_cont2d/creators/cont2d_global.mws,high,content(multi:cont2d_global.mws;cont2d_global2.mws;cont2d_global3.mws)
cont2d,cont2d_global_r,cont2d_global.mws,Figs_cont2d/creators/cont2d_global.mws,high,content(multi:cont2d_global.mws;cont2d_global2.mws;cont2d_global3.mws)
cont2d,cont2d_global_fixed,cont2d_global2.mws,Figs_cont2d/creators/cont2d_global2.mws,high,content(multi:cont2d_global2.mws;cont2d_global3.mws)
cont2d,cont2d_LV_Allee_stab_Re,cont2d_LV_Allee2.mws,Figs_cont2d/creators/cont2d_LV_Allee2.mws,high,content(multi:cont2d_LV_Allee2.mws;cont2d_LV_Allee3.mws;cont2d_LV_Allee4.mws;cont2d_LV_Allee5.mws;cont2d_LV_Allee6.mws;cont2d_LV_Allee7.mws)
cont2d,cont2d_LV_Allee_stab_Im,cont2d_LV_Allee2.mws,Figs_cont2d/creators/cont2d_LV_Allee2.mws,high,content(multi:cont2d_LV_Allee2.mws;cont2d_LV_Allee3.mws;cont2d_LV_Allee4.mws;cont2d_LV_Allee5.mws;cont2d_LV_Allee6.mws;cont2d_LV_Allee7.mws)
cont2d,cont2d_LV_Allee_extinct1,cont2d_LV_Allee5.mws,Figs_cont2d/creators/cont2d_LV_Allee5.mws,high,content(multi:cont2d_LV_Allee5.mws;cont2d_LV_Allee6.mws;cont2d_LV_Allee7.mws)
cont2d,cont2d_LV_Allee_extinct2,cont2d_LV_Allee5.mws,Figs_cont2d/creators/cont2d_LV_Allee5.mws,high,content(multi:cont2d_LV_Allee5.mws;cont2d_LV_Allee6.mws;cont2d_LV_Allee7.mws)
cont3d,cont3d_lorenz_time,cont3d_lorenz.mw,Figs_cont3d/creators/cont3d_lorenz.mw,high,content(multi:cont3d_lorenz.mw;new.mw)
cont3d,cont3d_lorenz_attractor,cont3d_lorenz.mw,Figs_cont3d/creators/cont3d_lorenz.mw,high,content
cont3d,cont3d_lorenz_attraction,cont3d_lorenz.mw,Figs_cont3d/creators/cont3d_lorenz.mw,medium,prefix
cont3d,cont3d_lorenz_lyapunov,cont3d_lorenz.mw,Figs_cont3d/creators/cont3d_lorenz.mw,high,content(multi:cont3d_lorenz.mw;new.mw)
cont3d,cont3d_LorenzLyapEffective,cont3d_lorenz.mw,Figs_cont3d/creators/cont3d_lorenz.mw,medium,convention
cont3d,cont3d_lyap_formal,cont3d_lorenz.mw,Figs_cont3d/creators/cont3d_lorenz.mw,medium,output-prefix
cont3d,cont3d_LorenzLyapComprehensive,cont3d_lorenz.mw,Figs_cont3d/creators/cont3d_lorenz.mw,medium,convention
cont3d,cont3d_LorenzLyapCumulative,cont3d_lorenz.mw,Figs_cont3d/creators/cont3d_lorenz.mw,medium,convention
cont3d,cont3d_lorenzlyapattractor,cont3d_lorenz.mw,Figs_cont3d/creators/cont3d_lorenz.mw,medium,output-prefix
cont3d,cont3d_lorenz_attractoryz,cont3d_lorenz.mw,Figs_cont3d/creators/cont3d_lorenz.mw,high,content(multi:cont3d_lorenz.mw;new.mw)
cont3d,cont3d_lorenz_zmax,cont3d_lorenz.mw,Figs_cont3d/creators/cont3d_lorenz.mw,high,content(multi:cont3d_lorenz.mw;new.mw)
cont3d,cont3d_lorenz_map,cont3d_lorenz.mw,Figs_cont3d/creators/cont3d_lorenz.mw,high,content(multi:cont3d_lorenz.mw;new.mw)
cont3d,cont3d_poincaresection,cont3d_poincare_example.mw,Figs_cont3d/creators/cont3d_poincare_example.mw,high,content
cont3d,cont3d_poincare_exphase,cont3d_poincare_example.mw,Figs_cont3d/creators/cont3d_poincare_example.mw,high,content
cont3d,cont3d_poincare_exmap,cont3d_poincare_example.mw,Figs_cont3d/creators/cont3d_poincare_example.mw,high,content
cont3d,cont3d_poincare_exseq,cont3d_poincare_example.mw,Figs_cont3d/creators/cont3d_poincare_example.mw,high,content
cont3d,cont3d_lorenz_poincare,cont3d_lorenz.mw,Figs_cont3d/creators/cont3d_lorenz.mw,high,content
cont3d,cont3d_rosslerattractor,cont3d_rossler.mw,Figs_cont3d/creators/cont3d_rossler.mw,high,content
cont3d,cont3d_rosslertopology,cont3d_rossler.mw,Figs_cont3d/creators/cont3d_rossler.mw,high,content
cont3d,cont3d_rosslerperiod1a,cont3d_rossler.mw,Figs_cont3d/creators/cont3d_rossler.mw,high,content
cont3d,cont3d_rosslerperiod1b,cont3d_rossler.mw,Figs_cont3d/creators/cont3d_rossler.mw,high,content
cont3d,cont3d_rosslerperiod2a,cont3d_rossler.mw,Figs_cont3d/creators/cont3d_rossler.mw,high,content
cont3d,cont3d_rosslerperiod2b,cont3d_rossler.mw,Figs_cont3d/creators/cont3d_rossler.mw,high,content
cont3d,cont3d_rosslerperiod3a,cont3d_rossler.mw,Figs_cont3d/creators/cont3d_rossler.mw,high,content
cont3d,cont3d_rosslerperiod3b,cont3d_rossler.mw,Figs_cont3d/creators/cont3d_rossler.mw,high,content
cont3d,cont3d_rosslerperiod4a,cont3d_rossler.mw,Figs_cont3d/creators/cont3d_rossler.mw,high,content
cont3d,cont3d_rosslerperiod4b,cont3d_rossler.mw,Figs_cont3d/creators/cont3d_rossler.mw,high,content
cont3d,cont3d_rosslerreturn,cont3d_rossler.mw,Figs_cont3d/creators/cont3d_rossler.mw,high,content
cont3d,cont3d_rosslerbifurcation,cont3d_rossler.mw,Figs_cont3d/creators/cont3d_rossler.mw,high,content
cont3d,cont3d_lorenz_bifurcation,new.mw,Figs_cont3d/creators/new.mw,high,content
cont3d,cont3d_doublewell,cont3d_forced.mws,Figs_cont3d/creators/cont3d_forced.mws,medium,output-prefix
cont3d,cont3d_doublewell_phasespace,cont3d_forced.mws,Figs_cont3d/creators/cont3d_forced.mws,high,content
cont3d,cont3d_doublewell_poincare,cont3d_forced.mws,Figs_cont3d/creators/cont3d_forced.mws,high,content
cont3d,cont4d_3body_V,cont4d_3body.mw,Figs_cont3d/creators/cont4d_3body.mw,medium,prefix
cont3d,cont4d_3body_Vcut,cont4d_3body.mw,Figs_cont3d/creators/cont4d_3body.mw,medium,prefix
cont3d,cont4d_3body_traj1,cont4d_3body.mw,Figs_cont3d/creators/cont4d_3body.mw,medium,prefix
cont3d,cont4d_3body_traj2,cont4d_3body.mw,Figs_cont3d/creators/cont4d_3body.mw,medium,prefix
cont3d,cont4d_3body_traj3,cont4d_3body.mw,Figs_cont3d/creators/cont4d_3body.mw,medium,prefix
cont3d,cont4d_3body_traj4,cont4d_3body.mw,Figs_cont3d/creators/cont4d_3body.mw,medium,prefix
cont3d,cont4d_3body_Poincare,cont4d_3body.mw,Figs_cont3d/creators/cont4d_3body.mw,medium,prefix
practice,practice_weathermodel,make_figures.py,practice/make_figures.py,high,python
practice,practice_ensemble,make_figures.py,practice/make_figures.py,high,python
practice,practice_horizon,make_figures.py,practice/make_figures.py,high,python
practice,practice_assimilation,make_figures.py,practice/make_figures.py,high,python
practice,practice_pod,make_figures.py,practice/make_figures.py,high,python
practice,practice_manifold,make_figures.py,practice/make_figures.py,high,python
practice,practice_koopman,make_figures.py,practice/make_figures.py,high,python
practice,practice_mixing,make_figures.py,practice/make_figures.py,high,python
practice,practice_control,make_figures.py,practice/make_figures.py,high,python
practice,practice_reconstruction,make_figures.py,practice/make_figures.py,high,python
practice,practice_reactor,make_figures.py,practice/make_figures.py,high,python
