chapter,figure_file,maple_script,script_relpath_in_creators,model,plot_type,confidence,caption
phenomenon,phenomenon_lorenz_xt_series,phenomenon_lorenz.mw,phenomenon/phenomenon_lorenz.mw,Lorenz system,time series,high,Time series x(t) of the Lorenz system eq:phenomenon_lorenz.
phenomenon,phenomenon_lorenz_xt_two_series_em3,phenomenon_lorenz.mw,phenomenon/phenomenon_lorenz.mw,Lorenz system,time series,high,"Sensitive dependence on initial conditions in the Lorenz-system. Two time-series with slightly differing initial conditions in x: x(0)=2 and x(0)=2+, respectively. In all cases y(0)=5,z(0)=5."
phenomenon,phenomenon_lorenz_xt_two_series_em5,phenomenon_lorenz.mw,phenomenon/phenomenon_lorenz.mw,Lorenz system,time series,high,"Sensitive dependence on initial conditions in the Lorenz-system. Two time-series with slightly differing initial conditions in x: x(0)=2 and x(0)=2+, respectively. In all cases y(0)=5,z(0)=5."
phenomenon,phenomenon_lorenz_phasespace_close,phenomenon_lorenz.mw,phenomenon/phenomenon_lorenz.mw,Lorenz system,phase portrait,high,Trajectories in phase-space.
phenomenon,phenomenon_lorenz_phasespace_far,phenomenon_lorenz.mw,phenomenon/phenomenon_lorenz.mw,Lorenz system,phase portrait,high,Trajectories in phase-space.
phenomenon,3body,(no maple script - xfig/manual schematic),,three-body / restricted problem,,n/a,Three-body problem.
phenomenon,phenomenon_3body_example1a,phenomenon_3body_examples.mw,phenomenon/phenomenon_3body_examples.mw,three-body / restricted problem,,high,Some examples of possible trajectories in the three-body problem for different initial conditions. In all cases y(0) = u(0) = v(0) = 0; x(0) is being varied. The integration time is two months. Left row: Trajectories of 
phenomenon,phenomenon_3body_example1b,phenomenon_3body_examples.mw,phenomenon/phenomenon_3body_examples.mw,three-body / restricted problem,,high,Some examples of possible trajectories in the three-body problem for different initial conditions. In all cases y(0) = u(0) = v(0) = 0; x(0) is being varied. The integration time is two months. Left row: Trajectories of 
phenomenon,phenomenon_3body_example2a,phenomenon_3body_examples.mw,phenomenon/phenomenon_3body_examples.mw,three-body / restricted problem,,high,Some examples of possible trajectories in the three-body problem for different initial conditions. In all cases y(0) = u(0) = v(0) = 0; x(0) is being varied. The integration time is two months. Left row: Trajectories of 
phenomenon,phenomenon_3body_example2b,phenomenon_3body_examples.mw,phenomenon/phenomenon_3body_examples.mw,three-body / restricted problem,,high,Some examples of possible trajectories in the three-body problem for different initial conditions. In all cases y(0) = u(0) = v(0) = 0; x(0) is being varied. The integration time is two months. Left row: Trajectories of 
phenomenon,phenomenon_3body_example3a,phenomenon_3body_examples.mw,phenomenon/phenomenon_3body_examples.mw,three-body / restricted problem,,high,Some examples of possible trajectories in the three-body problem for different initial conditions. In all cases y(0) = u(0) = v(0) = 0; x(0) is being varied. The integration time is two months. Left row: Trajectories of 
phenomenon,phenomenon_3body_example3b,phenomenon_3body_examples.mw,phenomenon/phenomenon_3body_examples.mw,three-body / restricted problem,,high,Some examples of possible trajectories in the three-body problem for different initial conditions. In all cases y(0) = u(0) = v(0) = 0; x(0) is being varied. The integration time is two months. Left row: Trajectories of 
phenomenon,phenomenon_3body_example_sensitivity,phenomenon_3body_examples.mw,phenomenon/phenomenon_3body_examples.mw,three-body / restricted problem,,high,Sensitivity on initial conditions: two trajectories initiated from slightly different positions with a relative difference in x(0) of 10^-4. Integration time is two months. Diamond: initial locations. Circles: end positi
phenomenon,phenomenon_3body_example_sensitivity_corot,phenomenon_3body_examples.mw,phenomenon/phenomenon_3body_examples.mw,three-body / restricted problem,,high,Sensitivity on initial conditions: two trajectories initiated from slightly different positions with a relative difference in x(0) of 10^-4. Integration time is two months. Diamond: initial locations. Circles: end positi
disc1d,disc1d_logist_series_r1_5,disc1d_logist_series.mws,disc1d/disc1d_logist_series.mws,logistic map,time series,high,The rich behaviour of the logistic map eq:disc1d:def_logistic_map for various values of the parameter r.
disc1d,disc1d_logist_series_r3_2,disc1d_logist_series.mws,disc1d/disc1d_logist_series.mws,logistic map,time series,high,The rich behaviour of the logistic map eq:disc1d:def_logistic_map for various values of the parameter r.
disc1d,disc1d_logist_series_r3_5,disc1d_logist_series.mws,disc1d/disc1d_logist_series.mws,logistic map,time series,high,The rich behaviour of the logistic map eq:disc1d:def_logistic_map for various values of the parameter r.
disc1d,disc1d_logist_series_r3_9,disc1d_logist_series.mws,disc1d/disc1d_logist_series.mws,logistic map,time series,high,The rich behaviour of the logistic map eq:disc1d:def_logistic_map for various values of the parameter r.
disc1d,disc1d_logist_cobweb_r2_7,disc1d_logist_cobweb.mws,disc1d/disc1d_logist_cobweb.mws,logistic map,cobweb / staircase plot,high,Cobweb graphs of the logistic map for various r.
disc1d,disc1d_logist_cobweb_r3_2,disc1d_logist_cobweb.mws,disc1d/disc1d_logist_cobweb.mws,logistic map,cobweb / staircase plot,high,Cobweb graphs of the logistic map for various r.
disc1d,disc1d_logist_cobweb_r3_9,disc1d_logist_cobweb.mws,disc1d/disc1d_logist_cobweb.mws,logistic map,cobweb / staircase plot,high,Cobweb graphs of the logistic map for various r.
disc1d,disc1d_logist_return_r1_5,disc1d_logist_return.mws,disc1d/disc1d_logist_return.mws,logistic map,return map (x_{n+1} vs x_n),high,Return-plots of the logistic-map data corresponding to the time series plotted in Fig.~fig:disc1d:some_series_logist. Solid gray line represents the mapping eq:disc1d:def_logistic_map
disc1d,disc1d_logist_return_r3_2,disc1d_logist_return.mws,disc1d/disc1d_logist_return.mws,logistic map,return map (x_{n+1} vs x_n),high,Return-plots of the logistic-map data corresponding to the time series plotted in Fig.~fig:disc1d:some_series_logist. Solid gray line represents the mapping eq:disc1d:def_logistic_map
disc1d,disc1d_logist_return_r3_5,disc1d_logist_return.mws,disc1d/disc1d_logist_return.mws,logistic map,return map (x_{n+1} vs x_n),high,Return-plots of the logistic-map data corresponding to the time series plotted in Fig.~fig:disc1d:some_series_logist. Solid gray line represents the mapping eq:disc1d:def_logistic_map
disc1d,disc1d_logist_return_r3_9,disc1d_logist_return.mws,disc1d/disc1d_logist_return.mws,logistic map,return map (x_{n+1} vs x_n),high,Return-plots of the logistic-map data corresponding to the time series plotted in Fig.~fig:disc1d:some_series_logist. Solid gray line represents the mapping eq:disc1d:def_logistic_map
disc1d,disc1d_unknownmapping_series_henon,disc1d_unknownmapping.mws,disc1d/disc1d_unknownmapping.mws,Henon map,time series,high,Three (unknown) data-sets: their time series and corresponding return-plots.
disc1d,disc1d_unknownmapping_return_henon,disc1d_unknownmapping.mws,disc1d/disc1d_unknownmapping.mws,Henon map,return map (x_{n+1} vs x_n),high,Three (unknown) data-sets: their time series and corresponding return-plots.
disc1d,disc1d_unknownmapping_series_noise,disc1d_unknownmapping.mws,disc1d/disc1d_unknownmapping.mws,,time series,high,Three (unknown) data-sets: their time series and corresponding return-plots.
disc1d,disc1d_unknownmapping_return_noise,disc1d_unknownmapping.mws,disc1d/disc1d_unknownmapping.mws,,return map (x_{n+1} vs x_n),high,Three (unknown) data-sets: their time series and corresponding return-plots.
disc1d,disc1d_unknownmapping_series_sin3map,disc1d_unknownmapping.mws,disc1d/disc1d_unknownmapping.mws,sine map,time series,high,Three (unknown) data-sets: their time series and corresponding return-plots.
disc1d,disc1d_unknownmapping_return_sin3map,disc1d_unknownmapping.mws,disc1d/disc1d_unknownmapping.mws,sine map,return map (x_{n+1} vs x_n),high,Three (unknown) data-sets: their time series and corresponding return-plots.
disc1d,disc1d_logist_attractor_r1_5,disc1d_logist_attractor.mws,disc1d/disc1d_logist_attractor.mws,logistic map,strange attractor (trajectory),high,Series of the logistic map at r=1.5 for different initial values x_0. The fixed point x^* = 1/3 is clearly stable. The fixed point x^* = 0 is unstable since a small perturbation is sufficient to escape from it.
disc1d,disc1d_logist_attractor_local_r2_0,disc1d_logist_attractor_local.mws,disc1d/disc1d_logist_attractor_local.mws,logistic map,strange attractor (trajectory),high,The convergence to the fixed point in a superstable situation and and ordinary stable situation.
disc1d,disc1d_logist_attractor_local_r1_5,disc1d_logist_attractor_local.mws,disc1d/disc1d_logist_attractor_local.mws,logistic map,strange attractor (trajectory),high,The convergence to the fixed point in a superstable situation and and ordinary stable situation.
disc1d,disc1d_logist_p2graph,disc1d_logist_p2graph.mws,disc1d/disc1d_logist_p2graph.mws,logistic map,function graph,high,"Plot of f(x) and g(x)=f(f(x)) for r=3.2, together with y = x. The period-2 solution, which satisfies x=g(x), is indicated with the solid black circles. The two (unstable) fixed points that correspond to period-1 solution"
disc1d,disc1d_logist_p3graph_r380,disc1d_logist_p3graph.mws,disc1d/disc1d_logist_p3graph.mws,logistic map,function graph,high,Plots of f(x) and g(x)=f^(3)(x) together with y = x. True period-3 solutions are indicated with the solid small black circles (stable) and small gray circles (unstable). The (unstable) fixed points x=f(x) are indicated b
disc1d,disc1d_logist_p3graph_r384,disc1d_logist_p3graph.mws,disc1d/disc1d_logist_p3graph.mws,logistic map,function graph,high,Plots of f(x) and g(x)=f^(3)(x) together with y = x. True period-3 solutions are indicated with the solid small black circles (stable) and small gray circles (unstable). The (unstable) fixed points x=f(x) are indicated b
disc1d,disc1d_logist_bifur_theo,disc1d_logist_bifur_theo.mws,disc1d/disc1d_logist_bifur_theo.mws,logistic map,bifurcation diagram,high,Bifurcation diagrams based on the analytical solutions to the logistic map
disc1d,disc1d_logist_stability_p3both,disc1d_logist_stability_p3both.mws,disc1d/disc1d_logist_stability_p3both.mws,logistic map,stability / eigenvalue plot,high,Bifurcation diagrams based on the analytical solutions to the logistic map
disc1d,disc1d_bifurcation_implicit_sin,disc1d_bifurcation_implicit_sin.mws,disc1d/disc1d_bifurcation_implicit_sin.mws,,bifurcation diagram,high,Numerical solutions to x=f^(4)(x) as a function of r[0.1] for the sine map x_n+1 = f(x_n) = r ( x_n) calculated and plotted by using the  command  implicitplot
disc1d,disc1d_logist_series_bifurcation,disc1d_logist_series_bifurcation.mws,disc1d/disc1d_logist_series_bifurcation.mws,logistic map,bifurcation diagram,high,Bifurcation diagram of the logistic map obtained by plotting the entire series for different values of r
disc1d,disc1d_logist_series_bifurcation_zoom_doubling,disc1d_logist_series_bifurcation.mws,disc1d/disc1d_logist_series_bifurcation.mws,logistic map,bifurcation diagram,high,Various close-ups of Fig.~fig:disc1d:series_bifurcation_logist
disc1d,disc1d_logist_series_bifurcation_zoom_p3,disc1d_logist_series_bifurcation.mws,disc1d/disc1d_logist_series_bifurcation.mws,logistic map,bifurcation diagram,high,Various close-ups of Fig.~fig:disc1d:series_bifurcation_logist
disc1d,disc1d_logist_lyap_r39_lin,disc1d_logist_lyap.mws,disc1d/disc1d_logist_lyap.mws,logistic map,Lyapunov exponent,high,Logistic map at r=3.9. Two sets with slightly different initial conditions y_0 = x_0 + 10^-9. The difference becomes already obvious at n=25.
disc1d,disc1d_logist_lyap_r39_log,disc1d_logist_lyap.mws,disc1d/disc1d_logist_lyap.mws,logistic map,Lyapunov exponent,high,Evolution of the deviations |y_n - x_n| plotted on a log-scale.
disc1d,disc1d_logist_lyap_bifurcation,disc1d_logist_lyap_bifurcation.mws,disc1d/disc1d_logist_lyap_bifurcation.mws,logistic map,bifurcation diagram,high,Bifurcation diagram x(r) combined with Lyapunov exponents (r)
disc1d,disc1d_shiftmap_series,disc1d_shiftmap_series.mws,disc1d/disc1d_shiftmap_series.mws,,time series,high,Series and return-plot of the shift-map eq:disc1d:shift_map
disc1d,disc1d_shiftmap_returnplot,disc1d_shiftmap_series.mws,disc1d/disc1d_shiftmap_series.mws,,return map (x_{n+1} vs x_n),high,Series and return-plot of the shift-map eq:disc1d:shift_map
disc1d,disc1d_tentmap_series,disc1d_tentmap.mws,disc1d/disc1d_tentmap.mws,tent map,time series,high,Series and return-plot of the tent-map eq:disc1d:tent_map
disc1d,disc1d_tentmap_returnplot,disc1d_tentmap.mws,disc1d/disc1d_tentmap.mws,tent map,return map (x_{n+1} vs x_n),high,Series and return-plot of the tent-map eq:disc1d:tent_map
disc1d,disc1d_logist_analytical,disc1d_logist_analytical.mw,disc1d/disc1d_logist_analytical.mw,logistic map,,high,"The analytical solution x_n=^2(2^n ) from eq:disc1d:closedlogist for x_0 = 0.36 ( = 0.64) together with the first few iterations x_1,,x_7 of the logistic map for r=4."
disc1d,disc1d_tanh_analytical,disc1d_tanh_analytical.mw,disc1d/disc1d_tanh_analytical.mw,,,high,"The analytical solution x_n = (2^n ) from eq:disc1d:closedtanh for x_0 = 0.05 ( = 0.05) together with the first few iterations x_1,,x_14 of the map x_n+1 = 2x_n/(1+x_n^2)."
disc1d,disc1d_logist_pdf,disc1d_logist_pdf.mw,disc1d/disc1d_logist_pdf.mw,logistic map,probability density / histogram,high,pdfs
disc1d,disc1d_sin3map_pdf,disc1d_sin3map_pdf.mw,disc1d/disc1d_sin3map_pdf.mw,sine map,probability density / histogram,high,pdfs
disc1d,disc1d_doubling_logist,disc1d_doubling_logist.mw,disc1d/disc1d_doubling_logist.mw,logistic map,period-doubling plot,high,Period-doubling in two different mappings.
disc1d,disc1d_doubling_sinmap,disc1d_doubling_sinmap.mw,disc1d/disc1d_doubling_sinmap.mw,sine map,period-doubling plot,high,Period-doubling in two different mappings.
disc1d,disc1d_universality_logist,disc1d_universality_logist.mw,disc1d/disc1d_universality_logist.mw,logistic map,universality plot,high,Graphs revealing the universal period-doubling for the logistic map and the sine map.
disc1d,disc1d_universality_sinmap,disc1d_universality_sinmap.mw,disc1d/disc1d_universality_sinmap.mw,sine map,universality plot,high,Graphs revealing the universal period-doubling for the logistic map and the sine map.
disc1d,disc1d_not_so_universal,disc1d_not_so_universal.mws,disc1d/disc1d_not_so_universal.mws,,universality plot,high,"Feigenbaum number  as a function of  for the map f_(x) = r (1-|2x-1|^). See bifurcation diagrams in Fig.~. The mapping f_ represents the logistic map for  = 2, in which case the 'universal' value of =4.669 is re"
disc2d,disc2d_Duffing_series1,disc2d_DuffingMap_series.mw,disc2d/disc2d_DuffingMap_series.mw,Duffing oscillator,time series,high,Series and phase space plots of the Duffing map eq:Duffing_map with b=0.1.
disc2d,disc2d_Duffing_phase1,disc2d_DuffingMap_series.mw,disc2d/disc2d_DuffingMap_series.mw,Duffing oscillator,phase portrait,high,Series and phase space plots of the Duffing map eq:Duffing_map with b=0.1.
disc2d,disc2d_Duffing_series2,disc2d_DuffingMap_series.mw,disc2d/disc2d_DuffingMap_series.mw,Duffing oscillator,time series,high,Series and phase space plots of the Duffing map eq:Duffing_map with b=0.1.
disc2d,disc2d_Duffing_phase2,disc2d_DuffingMap_series.mw,disc2d/disc2d_DuffingMap_series.mw,Duffing oscillator,phase portrait,high,Series and phase space plots of the Duffing map eq:Duffing_map with b=0.1.
disc2d,disc2d_Duffing_bifurx,disc2d_DuffingMap_series.mw,disc2d/disc2d_DuffingMap_series.mw,Duffing oscillator,bifurcation diagram,high,Bifurcation diagram of the Duffing map eq:Duffing_map as a function of a. b=0.1 is fixed.
disc2d,disc2d_Duffing_bifury,disc2d_DuffingMap_series.mw,disc2d/disc2d_DuffingMap_series.mw,Duffing oscillator,bifurcation diagram,high,Bifurcation diagram of the Duffing map eq:Duffing_map as a function of a. b=0.1 is fixed.
disc2d,disc2d_bowl_chaos,disc2d_Paraball.mw,disc2d/disc2d_Paraball.mw,particle-in-a-bowl map,,high,Trajectories of a bouncing ball in a parabolic bowl.
disc2d,disc2d_bowl_periodic,disc2d_Paraball.mw,disc2d/disc2d_Paraball.mw,particle-in-a-bowl map,,high,Trajectories of a bouncing ball in a parabolic bowl.
disc2d,disc2d_bowl_energies,disc2d_Paraball.mw,disc2d/disc2d_Paraball.mw,particle-in-a-bowl map,energy / potential contour,high,"Evolution in time of the potential energy E_p,n (circles), kinetic energy E_k,n (diamonds) and the sum of both E_t,n (boxes). Time t was 'recreated' using eq:ball_space_time, allowing the values between bounces to be dis"
disc2d,disc2d_HenonAttractor,disc2d_HenonAttractor.mw,disc2d/disc2d_HenonAttractor.mw,Henon map,strange attractor (trajectory),high,"The H\'enon attractor for a=1.4, b=0.3."
disc2d,disc2d_HenonLyap,disc2d_HenonLyap.mw,disc2d/disc2d_HenonLyap.mw,Henon map,Lyapunov exponent,high,"The two Lyapunov exponents of the H\'enon map determined in three different ways: 1) black lines (and circles): calculated 20 times with N=200, 2) dark gray lines: calculated 400 times with N=10 and 3) light gray lines: "
disc2d,disc2d_HenonFold0,disc2d_HenonFold.mw,disc2d/disc2d_HenonFold.mw,Henon map,stretch-and-fold sequence,high,"The action of  contraction due to the negative Lyaponov exponent: shown are the first 5 steps of the evolution of 10^4 initial conditions which were randomly drawn from the interval [-1.25,1.25][-0.4,0.4]."
disc2d,disc2d_HenonFold1,disc2d_HenonFold.mw,disc2d/disc2d_HenonFold.mw,Henon map,stretch-and-fold sequence,high,"The action of  contraction due to the negative Lyaponov exponent: shown are the first 5 steps of the evolution of 10^4 initial conditions which were randomly drawn from the interval [-1.25,1.25][-0.4,0.4]."
disc2d,disc2d_HenonFold2,disc2d_HenonFold.mw,disc2d/disc2d_HenonFold.mw,Henon map,stretch-and-fold sequence,high,"The action of  contraction due to the negative Lyaponov exponent: shown are the first 5 steps of the evolution of 10^4 initial conditions which were randomly drawn from the interval [-1.25,1.25][-0.4,0.4]."
disc2d,disc2d_HenonFold3,disc2d_HenonFold.mw,disc2d/disc2d_HenonFold.mw,Henon map,stretch-and-fold sequence,high,"The action of  contraction due to the negative Lyaponov exponent: shown are the first 5 steps of the evolution of 10^4 initial conditions which were randomly drawn from the interval [-1.25,1.25][-0.4,0.4]."
disc2d,disc2d_HenonFold4,disc2d_HenonFold.mw,disc2d/disc2d_HenonFold.mw,Henon map,stretch-and-fold sequence,high,"The action of  contraction due to the negative Lyaponov exponent: shown are the first 5 steps of the evolution of 10^4 initial conditions which were randomly drawn from the interval [-1.25,1.25][-0.4,0.4]."
disc2d,disc2d_HenonFold5,HenonStretchfoldHJrnd.mw,disc2d/HenonStretchfoldHJrnd.mw,Henon map,stretch-and-fold sequence,high,"The action of  contraction due to the negative Lyaponov exponent: shown are the first 5 steps of the evolution of 10^4 initial conditions which were randomly drawn from the interval [-1.25,1.25][-0.4,0.4]."
disc2d,disc2d_HenonStretch0,disc2d_HenonStretchContract.mw,disc2d/disc2d_HenonStretchContract.mw,Henon map,stretch-and-fold sequence,medium,The action of  stretching due to the positive Lyaponov exponent: the evolution is shown of 10^4 initial conditions very close to each other (max separation of 0.02).
disc2d,disc2d_HenonStretch4,disc2d_HenonStretchContract.mw,disc2d/disc2d_HenonStretchContract.mw,Henon map,stretch-and-fold sequence,medium,The action of  stretching due to the positive Lyaponov exponent: the evolution is shown of 10^4 initial conditions very close to each other (max separation of 0.02).
disc2d,disc2d_HenonStretch8,disc2d_HenonStretchContract.mw,disc2d/disc2d_HenonStretchContract.mw,Henon map,stretch-and-fold sequence,medium,The action of  stretching due to the positive Lyaponov exponent: the evolution is shown of 10^4 initial conditions very close to each other (max separation of 0.02).
disc2d,disc2d_HenonStretch12,disc2d_HenonStretchContract.mw,disc2d/disc2d_HenonStretchContract.mw,Henon map,stretch-and-fold sequence,medium,The action of  stretching due to the positive Lyaponov exponent: the evolution is shown of 10^4 initial conditions very close to each other (max separation of 0.02).
disc2d,disc2d_HenonStretch16,disc2d_HenonStretchContract.mw,disc2d/disc2d_HenonStretchContract.mw,Henon map,stretch-and-fold sequence,medium,The action of  stretching due to the positive Lyaponov exponent: the evolution is shown of 10^4 initial conditions very close to each other (max separation of 0.02).
disc2d,disc2d_HenonStretch20,disc2d_HenonStretchContract.mw,disc2d/disc2d_HenonStretchContract.mw,Henon map,stretch-and-fold sequence,medium,The action of  stretching due to the positive Lyaponov exponent: the evolution is shown of 10^4 initial conditions very close to each other (max separation of 0.02).
disc2d,disc2d_kickedrotor,disc2d_kickedrotor.mw,disc2d/disc2d_kickedrotor.mw,kicked rotor,,high,Sketch of a kicked rotor system
disc2d,disc2d_kickedrotor_delta,disc2d_kickedrotor.mw,disc2d/disc2d_kickedrotor.mw,kicked rotor,,high,The dynamics of the undamped kicked rotor system
disc2d,disc2d_kickedrotor_v,disc2d_kickedrotor.mw,disc2d/disc2d_kickedrotor.mw,kicked rotor,,high,The dynamics of the undamped kicked rotor system
disc2d,disc2d_kickedrotor_theta,disc2d_kickedrotor.mw,disc2d/disc2d_kickedrotor.mw,kicked rotor,,high,The dynamics of the undamped kicked rotor system
disc2d,disc2d_circle,disc2d_circlemap.mw,disc2d/disc2d_circlemap.mw,circle map,,medium,Sketch of a flow on a circle.
disc2d,disc2d_lincircle_cobweb,disc2d_lincirclemap.mw,disc2d/disc2d_lincirclemap.mw,circle map,cobweb / staircase plot,high,Cobweb diagram for a period-3 solution of the linear map eq:disc2d:lincircle.
disc2d,disc2d_lincircle_quasi,disc2d_lincirclemap.mw,disc2d/disc2d_lincirclemap.mw,circle map,,high,Quasi-periodicity of system eq:disc2d:lincircle for =10.17.
disc2d,disc2d_lincircle_quasi_cobweb,disc2d_lincirclemap.mw,disc2d/disc2d_lincirclemap.mw,circle map,cobweb / staircase plot,high,Quasi-periodicity of system eq:disc2d:lincircle for =10.17.
disc2d,disc2d_circlemap_series,disc2d_circlemap.mw,disc2d/disc2d_circlemap.mw,circle map,time series,high,phase locking in a period-2 solution for   [0.464; 0.536] and (K=1) in the circle map.
disc2d,disc2d_circlemap_return_p2,disc2d_circlemap.mw,disc2d/disc2d_circlemap.mw,circle map,return map (x_{n+1} vs x_n),high,"The second iterate f(f(x)) for the circle map at K=1. Shown are the mappings for =0.464 (thin dashed line), =0.500 (solid line) and =0.536 (dash-dotted line)."
disc2d,disc2d_circlemap_winding,disc2d_circlemap.mw,disc2d/disc2d_circlemap.mw,circle map,,high,Generalized rotation number W as a function of . This is a Devil's staircase.
disc2d,disc2d_circlemap_bifurcation,disc2d_circlemap.mw,disc2d/disc2d_circlemap.mw,circle map,bifurcation diagram,high,bifurcation diagram and Lyapunov exponents
disc2d,disc2d_circlemap_lyapunov,disc2d_circlemap.mw,disc2d/disc2d_circlemap.mw,circle map,Lyapunov exponent,medium,"Lyapunov exponents  in the -K parameter-space. Coloring is [-1,1]; colorscheme: blue=-1; white=0; red=1"
disc2d,disc2d_standardmap_quasi,disc2d_standardmap.mw,disc2d/disc2d_standardmap.mw,standard (Chirikov) map,,high,Coexistence of chaotic and quasi-periodic solutions at K=2. Note the factor 10 difference in scale for the x-axis between Figs.\ fig:disc2d_standardmap:quasi_deviations and fig:disc2d_standardmap:chaos_deviations.
disc2d,disc2d_standardmap_chaos,disc2d_standardmap.mw,disc2d/disc2d_standardmap.mw,standard (Chirikov) map,,high,Coexistence of chaotic and quasi-periodic solutions at K=2. Note the factor 10 difference in scale for the x-axis between Figs.\ fig:disc2d_standardmap:quasi_deviations and fig:disc2d_standardmap:chaos_deviations.
disc2d,disc2d_standardmap_quasi_return,disc2d_standardmap.mw,disc2d/disc2d_standardmap.mw,standard (Chirikov) map,return map (x_{n+1} vs x_n),high,Coexistence of chaotic and quasi-periodic solutions at K=2. Note the factor 10 difference in scale for the x-axis between Figs.\ fig:disc2d_standardmap:quasi_deviations and fig:disc2d_standardmap:chaos_deviations.
disc2d,disc2d_standardmap_chaos_return,disc2d_standardmap.mw,disc2d/disc2d_standardmap.mw,standard (Chirikov) map,return map (x_{n+1} vs x_n),high,Coexistence of chaotic and quasi-periodic solutions at K=2. Note the factor 10 difference in scale for the x-axis between Figs.\ fig:disc2d_standardmap:quasi_deviations and fig:disc2d_standardmap:chaos_deviations.
disc2d,disc2d_standardmap_quasi_deviations,disc2d_standardmap.mw,disc2d/disc2d_standardmap.mw,standard (Chirikov) map,,high,Coexistence of chaotic and quasi-periodic solutions at K=2. Note the factor 10 difference in scale for the x-axis between Figs.\ fig:disc2d_standardmap:quasi_deviations and fig:disc2d_standardmap:chaos_deviations.
disc2d,disc2d_standardmap_chaos_deviations,disc2d_standardmap.mw,disc2d/disc2d_standardmap.mw,standard (Chirikov) map,,high,Coexistence of chaotic and quasi-periodic solutions at K=2. Note the factor 10 difference in scale for the x-axis between Figs.\ fig:disc2d_standardmap:quasi_deviations and fig:disc2d_standardmap:chaos_deviations.
disc2d,disc2d_standardmap_phase,disc2d_standardmap.mw,disc2d/disc2d_standardmap.mw,standard (Chirikov) map,phase portrait,high,Islands of order in a sea of chaos for the standard map at K=2
disc2d,disc2d_standardmap_phasetorus,disc2d_standardmap.mw,disc2d/disc2d_standardmap.mw,standard (Chirikov) map,phase portrait,high,Islands of order in a sea of chaos for the standard map at K=2
disc2d,disc2d_standardmap_saddlenode_n=-6,disc2d_standardmap_saddlenode.mw,disc2d/disc2d_standardmap_saddlenode.mw,standard (Chirikov) map,,medium,"Unfolding of the stable and unstable manifolds by following a small cloud of initial conditions around (0,0) (fig e). Figs.\ (f-i) shows the unfolding of the unstable manifold. By iterating the inverse (eq:disc2d:standar"
disc2d,disc2d_standardmap_saddlenode_n=-5,disc2d_standardmap_saddlenode.mw,disc2d/disc2d_standardmap_saddlenode.mw,standard (Chirikov) map,,medium,"Unfolding of the stable and unstable manifolds by following a small cloud of initial conditions around (0,0) (fig e). Figs.\ (f-i) shows the unfolding of the unstable manifold. By iterating the inverse (eq:disc2d:standar"
disc2d,disc2d_standardmap_saddlenode_n=-4,disc2d_standardmap_saddlenode.mw,disc2d/disc2d_standardmap_saddlenode.mw,standard (Chirikov) map,,medium,"Unfolding of the stable and unstable manifolds by following a small cloud of initial conditions around (0,0) (fig e). Figs.\ (f-i) shows the unfolding of the unstable manifold. By iterating the inverse (eq:disc2d:standar"
disc2d,disc2d_standardmap_saddlenode_n=-3,disc2d_standardmap_saddlenode.mw,disc2d/disc2d_standardmap_saddlenode.mw,standard (Chirikov) map,,medium,"Unfolding of the stable and unstable manifolds by following a small cloud of initial conditions around (0,0) (fig e). Figs.\ (f-i) shows the unfolding of the unstable manifold. By iterating the inverse (eq:disc2d:standar"
disc2d,disc2d_standardmap_saddlenode_n=0,disc2d_standardmap_saddlenode.mw,disc2d/disc2d_standardmap_saddlenode.mw,standard (Chirikov) map,,medium,"Unfolding of the stable and unstable manifolds by following a small cloud of initial conditions around (0,0) (fig e). Figs.\ (f-i) shows the unfolding of the unstable manifold. By iterating the inverse (eq:disc2d:standar"
disc2d,disc2d_standardmap_saddlenode_n=3,disc2d_standardmap_saddlenode.mw,disc2d/disc2d_standardmap_saddlenode.mw,standard (Chirikov) map,,medium,"Unfolding of the stable and unstable manifolds by following a small cloud of initial conditions around (0,0) (fig e). Figs.\ (f-i) shows the unfolding of the unstable manifold. By iterating the inverse (eq:disc2d:standar"
disc2d,disc2d_standardmap_saddlenode_n=4,disc2d_standardmap_saddlenode.mw,disc2d/disc2d_standardmap_saddlenode.mw,standard (Chirikov) map,,medium,"Unfolding of the stable and unstable manifolds by following a small cloud of initial conditions around (0,0) (fig e). Figs.\ (f-i) shows the unfolding of the unstable manifold. By iterating the inverse (eq:disc2d:standar"
disc2d,disc2d_standardmap_saddlenode_n=5,disc2d_standardmap_saddlenode.mw,disc2d/disc2d_standardmap_saddlenode.mw,standard (Chirikov) map,,medium,"Unfolding of the stable and unstable manifolds by following a small cloud of initial conditions around (0,0) (fig e). Figs.\ (f-i) shows the unfolding of the unstable manifold. By iterating the inverse (eq:disc2d:standar"
disc2d,disc2d_standardmap_saddlenode_n=6,disc2d_standardmap_saddlenode.mw,disc2d/disc2d_standardmap_saddlenode.mw,standard (Chirikov) map,,medium,"Unfolding of the stable and unstable manifolds by following a small cloud of initial conditions around (0,0) (fig e). Figs.\ (f-i) shows the unfolding of the unstable manifold. By iterating the inverse (eq:disc2d:standar"
disc2d,disc2d_manifolds,disc2d_standardmap_saddlenode.mw,disc2d/disc2d_standardmap_saddlenode.mw,,stretch-and-fold sequence,review,Sketch of the stable and unstable manifolds
disc2d,disc2d_standardmap_manifolds,disc2d_standardmap_saddlenode.mw,disc2d/disc2d_standardmap_saddlenode.mw,standard (Chirikov) map,stretch-and-fold sequence,high,"Intertwining of the unstable (black circles) and stable (grey diamonds) manifolds, showing how incredibly complex the phase plane is. Note that this only a small part of the manifolds, as we have only iterated 7 times in"
cont1d,cont1d_simplecubic_graph,normalforms.mws,cont1d/normalforms.mws,cubic normal form,function graph,medium,Graphs for the system x=f(x)=x-x^3.
cont1d,cont1d_simplecubic_evolution,normalforms.mws,cont1d/normalforms.mws,cubic normal form,eigenvalue plot,medium,Graphs for the system x=f(x)=x-x^3.
cont1d,cont1d_generic_graphical_stable,cont1d_generic_graphical.mw,cont1d/cont1d_generic_graphical.mw,generic 1-D flow,stability / eigenvalue plot,medium,Stable and unstable fixed points.
cont1d,cont1d_generic_graphical_unstable,cont1d_generic_graphical.mw,cont1d/cont1d_generic_graphical.mw,generic 1-D flow,stability / eigenvalue plot,medium,Stable and unstable fixed points.
cont1d,cont1d_bifur_pitchfork1,cont1d_bifur_pitchfork.mw,cont1d/cont1d_bifur_pitchfork.mw,pitchfork normal form,bifurcation diagram,medium,"Pitchfork bifurcation in x = rx- x^3. The bifurcation diagram in (d) corresponds to graphs (a)-(c). A black color means that the fixed point branch x_*(r) is stable, whereas gray means unstable."
cont1d,cont1d_bifur_pitchfork2,cont1d_bifur_pitchfork.mw,cont1d/cont1d_bifur_pitchfork.mw,pitchfork normal form,bifurcation diagram,medium,"Pitchfork bifurcation in x = rx- x^3. The bifurcation diagram in (d) corresponds to graphs (a)-(c). A black color means that the fixed point branch x_*(r) is stable, whereas gray means unstable."
cont1d,cont1d_bifur_pitchfork3,cont1d_bifur_pitchfork.mw,cont1d/cont1d_bifur_pitchfork.mw,pitchfork normal form,bifurcation diagram,medium,"Pitchfork bifurcation in x = rx- x^3. The bifurcation diagram in (d) corresponds to graphs (a)-(c). A black color means that the fixed point branch x_*(r) is stable, whereas gray means unstable."
cont1d,cont1d_bifur_pitchfork,cont1d_bifur_pitchfork.mw,cont1d/cont1d_bifur_pitchfork.mw,pitchfork normal form,bifurcation diagram,high,"Pitchfork bifurcation in x = rx- x^3. The bifurcation diagram in (d) corresponds to graphs (a)-(c). A black color means that the fixed point branch x_*(r) is stable, whereas gray means unstable."
cont1d,cont1d_bifur_saddle1,cont1d_saddle.mw,cont1d/cont1d_saddle.mw,saddle-node normal form,bifurcation diagram,medium,"Saddle node bifurcation in x = r - x^2. The bifurcation diagram in (d) corresponds to graphs (a)-(c). A black color means that the fixed point branch x_*(r) is stable, whereas gray means unstable."
cont1d,cont1d_bifur_saddle2,cont1d_saddle.mw,cont1d/cont1d_saddle.mw,saddle-node normal form,bifurcation diagram,medium,"Saddle node bifurcation in x = r - x^2. The bifurcation diagram in (d) corresponds to graphs (a)-(c). A black color means that the fixed point branch x_*(r) is stable, whereas gray means unstable."
cont1d,cont1d_bifur_saddle3,cont1d_saddle.mw,cont1d/cont1d_saddle.mw,saddle-node normal form,bifurcation diagram,medium,"Saddle node bifurcation in x = r - x^2. The bifurcation diagram in (d) corresponds to graphs (a)-(c). A black color means that the fixed point branch x_*(r) is stable, whereas gray means unstable."
cont1d,cont1d_bifur_saddle,cont1d_saddle.mw,cont1d/cont1d_saddle.mw,saddle-node normal form,bifurcation diagram,medium,"Saddle node bifurcation in x = r - x^2. The bifurcation diagram in (d) corresponds to graphs (a)-(c). A black color means that the fixed point branch x_*(r) is stable, whereas gray means unstable."
cont1d,cont1d_bifur_transcrit1,cont1d_transcrit.mw,cont1d/cont1d_transcrit.mw,transcritical normal form,bifurcation diagram,medium,"Transcritical bifurcation in x = rx - x^2. The bifurcation diagram in (d) corresponds to graphs (a)-(c). A black color means that the fixed point x_*(r) is stable, whereas gray means unstable."
cont1d,cont1d_bifur_transcrit2,cont1d_transcrit.mw,cont1d/cont1d_transcrit.mw,transcritical normal form,bifurcation diagram,medium,"Transcritical bifurcation in x = rx - x^2. The bifurcation diagram in (d) corresponds to graphs (a)-(c). A black color means that the fixed point x_*(r) is stable, whereas gray means unstable."
cont1d,cont1d_bifur_transcrit3,cont1d_transcrit.mw,cont1d/cont1d_transcrit.mw,transcritical normal form,bifurcation diagram,medium,"Transcritical bifurcation in x = rx - x^2. The bifurcation diagram in (d) corresponds to graphs (a)-(c). A black color means that the fixed point x_*(r) is stable, whereas gray means unstable."
cont1d,cont1d_bifur_transcrit,cont1d_transcrit.mw,cont1d/cont1d_transcrit.mw,transcritical normal form,bifurcation diagram,medium,"Transcritical bifurcation in x = rx - x^2. The bifurcation diagram in (d) corresponds to graphs (a)-(c). A black color means that the fixed point x_*(r) is stable, whereas gray means unstable."
cont1d,cont1d_bifur_pitchfork_sub1,cont1d_bifur_pitchfork.mw,cont1d/cont1d_bifur_pitchfork.mw,pitchfork normal form,bifurcation diagram,medium,"Subcritical pitchfork bifurcation in x = rx+ x^3. The bifurcation diagram in (d) corresponds to graphs (a)-(c). A black color means that the fixed point x_*(r) is stable, whereas gray means unstable."
cont1d,cont1d_bifur_pitchfork_sub2,cont1d_bifur_pitchfork.mw,cont1d/cont1d_bifur_pitchfork.mw,pitchfork normal form,bifurcation diagram,medium,"Subcritical pitchfork bifurcation in x = rx+ x^3. The bifurcation diagram in (d) corresponds to graphs (a)-(c). A black color means that the fixed point x_*(r) is stable, whereas gray means unstable."
cont1d,cont1d_bifur_pitchfork_sub3,cont1d_bifur_pitchfork.mw,cont1d/cont1d_bifur_pitchfork.mw,pitchfork normal form,bifurcation diagram,medium,"Subcritical pitchfork bifurcation in x = rx+ x^3. The bifurcation diagram in (d) corresponds to graphs (a)-(c). A black color means that the fixed point x_*(r) is stable, whereas gray means unstable."
cont1d,cont1d_bifur_pitchfork_sub,cont1d_bifur_pitchfork.mw,cont1d/cont1d_bifur_pitchfork.mw,pitchfork normal form,bifurcation diagram,medium,"Subcritical pitchfork bifurcation in x = rx+ x^3. The bifurcation diagram in (d) corresponds to graphs (a)-(c). A black color means that the fixed point x_*(r) is stable, whereas gray means unstable."
cont1d,cont1d_ferro_pitchfork1,cont1d_ferro_pitchfork.mw,cont1d/cont1d_ferro_pitchfork.mw,mean-field ferromagnet,,medium,"Pitchfork bifurcation in x = f(x,T)=-x + (xT)."
cont1d,cont1d_ferro_pitchfork2,cont1d_ferro_pitchfork.mw,cont1d/cont1d_ferro_pitchfork.mw,mean-field ferromagnet,,medium,"Pitchfork bifurcation in x = f(x,T)=-x + (xT)."
cont1d,cont1d_ferro_pitchfork3,cont1d_ferro_pitchfork.mw,cont1d/cont1d_ferro_pitchfork.mw,mean-field ferromagnet,,medium,"Pitchfork bifurcation in x = f(x,T)=-x + (xT)."
cont1d,cont1d_ferro_pitchfork,cont1d_ferro_pitchfork.mw,cont1d/cont1d_ferro_pitchfork.mw,mean-field ferromagnet,,high,"Pitchfork bifurcation in x = f(x,T)=-x + (xT)."
cont1d,cont1d_ferro_pitchfork_stability,cont1d_ferro_pitchfork.mw,cont1d/cont1d_ferro_pitchfork.mw,mean-field ferromagnet,stability / eigenvalue plot,medium,"Pitchfork bifurcation in x = f(x,T)=-x + (xT)."
cont1d,cont1d_ferro_pitch_evolution1,cont1d_ferro_pitch_numerical.mw,cont1d/cont1d_ferro_pitch_numerical.mw,mean-field ferromagnet,eigenvalue plot,medium,Evolution of the magnetization x for different values of the temperature T. In each panel the numerical solution is shown for 20 initial conditions.
cont1d,cont1d_ferro_pitch_evolution2,cont1d_ferro_pitch_numerical.mw,cont1d/cont1d_ferro_pitch_numerical.mw,mean-field ferromagnet,eigenvalue plot,medium,Evolution of the magnetization x for different values of the temperature T. In each panel the numerical solution is shown for 20 initial conditions.
cont1d,cont1d_ferro_field_bifurcation1,cont1d_ferro_field_bifurcation.mw,cont1d/cont1d_ferro_field_bifurcation.mw,mean-field ferromagnet,bifurcation diagram,medium,"(a)-(c) Graphs of f(x,T)=-x + (x+T) for an external magnetic field of =0.1. (d) Fixed point branches x_*(T) for =0.1 and (e) for =0.005. Both cases display a saddle-node bifurcation, but as  becomes smaller, the diagra"
cont1d,cont1d_ferro_field_bifurcation2,cont1d_ferro_field_bifurcation.mw,cont1d/cont1d_ferro_field_bifurcation.mw,mean-field ferromagnet,bifurcation diagram,medium,"(a)-(c) Graphs of f(x,T)=-x + (x+T) for an external magnetic field of =0.1. (d) Fixed point branches x_*(T) for =0.1 and (e) for =0.005. Both cases display a saddle-node bifurcation, but as  becomes smaller, the diagra"
cont1d,cont1d_ferro_field_bifurcation3,cont1d_ferro_field_bifurcation.mw,cont1d/cont1d_ferro_field_bifurcation.mw,mean-field ferromagnet,bifurcation diagram,medium,"(a)-(c) Graphs of f(x,T)=-x + (x+T) for an external magnetic field of =0.1. (d) Fixed point branches x_*(T) for =0.1 and (e) for =0.005. Both cases display a saddle-node bifurcation, but as  becomes smaller, the diagra"
cont1d,cont1d_ferro_field_bifurcation_large_m,cont1d_ferro_field_bifurcation.mw,cont1d/cont1d_ferro_field_bifurcation.mw,mean-field ferromagnet,bifurcation diagram,medium,"(a)-(c) Graphs of f(x,T)=-x + (x+T) for an external magnetic field of =0.1. (d) Fixed point branches x_*(T) for =0.1 and (e) for =0.005. Both cases display a saddle-node bifurcation, but as  becomes smaller, the diagra"
cont1d,cont1d_ferro_field_bifurcation_small_m,cont1d_ferro_field_bifurcation.mw,cont1d/cont1d_ferro_field_bifurcation.mw,mean-field ferromagnet,bifurcation diagram,medium,"(a)-(c) Graphs of f(x,T)=-x + (x+T) for an external magnetic field of =0.1. (d) Fixed point branches x_*(T) for =0.1 and (e) for =0.005. Both cases display a saddle-node bifurcation, but as  becomes smaller, the diagra"
cont1d,cont1d_ferro_field_hysteresis_T_1_5,cont1d_ferro_field_hysteresis.mw,cont1d/cont1d_ferro_field_hysteresis.mw,mean-field ferromagnet,hysteresis loop,medium,Left column: Fixed point braches as a function of the external magnetic field  for different values of the temperature T. The branches were determined using  implicitplot. Unstable branches are colored gray. Right column
cont1d,cont1d_ferro_field_hysdata_T_1_5,cont1d_ferro_field_hysteresis.mw,cont1d/cont1d_ferro_field_hysteresis.mw,mean-field ferromagnet,direction/vector field,medium,Left column: Fixed point braches as a function of the external magnetic field  for different values of the temperature T. The branches were determined using  implicitplot. Unstable branches are colored gray. Right column
cont1d,cont1d_ferro_field_hysteresis_T_1_25,cont1d_ferro_field_hysteresis.mw,cont1d/cont1d_ferro_field_hysteresis.mw,mean-field ferromagnet,hysteresis loop,medium,Left column: Fixed point braches as a function of the external magnetic field  for different values of the temperature T. The branches were determined using  implicitplot. Unstable branches are colored gray. Right column
cont1d,cont1d_ferro_field_hysdata_T_1_25,cont1d_ferro_field_hysteresis.mw,cont1d/cont1d_ferro_field_hysteresis.mw,mean-field ferromagnet,direction/vector field,medium,Left column: Fixed point braches as a function of the external magnetic field  for different values of the temperature T. The branches were determined using  implicitplot. Unstable branches are colored gray. Right column
cont1d,cont1d_ferro_field_hysteresis_T_1_0,cont1d_ferro_field_hysteresis.mw,cont1d/cont1d_ferro_field_hysteresis.mw,mean-field ferromagnet,hysteresis loop,medium,Left column: Fixed point braches as a function of the external magnetic field  for different values of the temperature T. The branches were determined using  implicitplot. Unstable branches are colored gray. Right column
cont1d,cont1d_ferro_field_hysdata_T_1_0,cont1d_ferro_field_hysteresis.mw,cont1d/cont1d_ferro_field_hysteresis.mw,mean-field ferromagnet,direction/vector field,medium,Left column: Fixed point braches as a function of the external magnetic field  for different values of the temperature T. The branches were determined using  implicitplot. Unstable branches are colored gray. Right column
cont1d,cont1d_ferro_field_hysteresis_T_0_75,cont1d_ferro_field_hysteresis.mw,cont1d/cont1d_ferro_field_hysteresis.mw,mean-field ferromagnet,hysteresis loop,medium,Left column: Fixed point braches as a function of the external magnetic field  for different values of the temperature T. The branches were determined using  implicitplot. Unstable branches are colored gray. Right column
cont1d,cont1d_ferro_field_hysdata_T_0_75,cont1d_ferro_field_hysteresis.mw,cont1d/cont1d_ferro_field_hysteresis.mw,mean-field ferromagnet,direction/vector field,medium,Left column: Fixed point braches as a function of the external magnetic field  for different values of the temperature T. The branches were determined using  implicitplot. Unstable branches are colored gray. Right column
cont1d,cont1d_ferro_field_hysteresis_T_0_5,cont1d_ferro_field_hysteresis.mw,cont1d/cont1d_ferro_field_hysteresis.mw,mean-field ferromagnet,hysteresis loop,medium,Left column: Fixed point braches as a function of the external magnetic field  for different values of the temperature T. The branches were determined using  implicitplot. Unstable branches are colored gray. Right column
cont1d,cont1d_ferro_field_hysdata_T_0_5,cont1d_ferro_field_hysteresis.mw,cont1d/cont1d_ferro_field_hysteresis.mw,mean-field ferromagnet,direction/vector field,medium,Left column: Fixed point braches as a function of the external magnetic field  for different values of the temperature T. The branches were determined using  implicitplot. Unstable branches are colored gray. Right column
cont1d,cont1d_ferro_field_hysteresis_3d,cont1d_ferro_field_hysteresis_3d.mw,cont1d/cont1d_ferro_field_hysteresis_3d.mw,mean-field ferromagnet,hysteresis loop,high,Hysteresis and hard bifurcations in the ferromagnetic system with external field h.
cont1d,cont1d_ferro_field_hysteresis_zoom,cont1d_ferro_field_hysteresis.mw,cont1d/cont1d_ferro_field_hysteresis.mw,mean-field ferromagnet,hysteresis loop,medium,Hysteresis and hard bifurcations in the ferromagnetic system with external field h.
cont1d,cont1d_ferro_spin_T_0_50_a0,cont1d_FerroSpins.mw,cont1d/cont1d_FerroSpins.mw,mean-field ferromagnet,spin/state snapshot,medium,Evolution of the spin dynamics from two different initial states for two temperatures. The corresponding mean states are displayed in Fig.~fig:cont1d_ferro_spin_mean_state.
cont1d,cont1d_ferro_spin_T_0_50_b0,cont1d_FerroSpins.mw,cont1d/cont1d_FerroSpins.mw,mean-field ferromagnet,spin/state snapshot,medium,Evolution of the spin dynamics from two different initial states for two temperatures. The corresponding mean states are displayed in Fig.~fig:cont1d_ferro_spin_mean_state.
cont1d,cont1d_ferro_spin_T_1_50_a0,cont1d_FerroSpins.mw,cont1d/cont1d_FerroSpins.mw,mean-field ferromagnet,spin/state snapshot,medium,Evolution of the spin dynamics from two different initial states for two temperatures. The corresponding mean states are displayed in Fig.~fig:cont1d_ferro_spin_mean_state.
cont1d,cont1d_ferro_spin_T_1_50_b0,cont1d_FerroSpins.mw,cont1d/cont1d_FerroSpins.mw,mean-field ferromagnet,spin/state snapshot,medium,Evolution of the spin dynamics from two different initial states for two temperatures. The corresponding mean states are displayed in Fig.~fig:cont1d_ferro_spin_mean_state.
cont1d,cont1d_ferro_spin_T_0_50_a1,cont1d_FerroSpins.mw,cont1d/cont1d_FerroSpins.mw,mean-field ferromagnet,spin/state snapshot,medium,Evolution of the spin dynamics from two different initial states for two temperatures. The corresponding mean states are displayed in Fig.~fig:cont1d_ferro_spin_mean_state.
cont1d,cont1d_ferro_spin_T_0_50_b1,cont1d_FerroSpins.mw,cont1d/cont1d_FerroSpins.mw,mean-field ferromagnet,spin/state snapshot,medium,Evolution of the spin dynamics from two different initial states for two temperatures. The corresponding mean states are displayed in Fig.~fig:cont1d_ferro_spin_mean_state.
cont1d,cont1d_ferro_spin_T_1_50_a1,cont1d_FerroSpins.mw,cont1d/cont1d_FerroSpins.mw,mean-field ferromagnet,spin/state snapshot,medium,Evolution of the spin dynamics from two different initial states for two temperatures. The corresponding mean states are displayed in Fig.~fig:cont1d_ferro_spin_mean_state.
cont1d,cont1d_ferro_spin_T_1_50_b1,cont1d_FerroSpins.mw,cont1d/cont1d_FerroSpins.mw,mean-field ferromagnet,spin/state snapshot,medium,Evolution of the spin dynamics from two different initial states for two temperatures. The corresponding mean states are displayed in Fig.~fig:cont1d_ferro_spin_mean_state.
cont1d,cont1d_ferro_spin_T_0_50_a2,cont1d_FerroSpins.mw,cont1d/cont1d_FerroSpins.mw,mean-field ferromagnet,spin/state snapshot,medium,Evolution of the spin dynamics from two different initial states for two temperatures. The corresponding mean states are displayed in Fig.~fig:cont1d_ferro_spin_mean_state.
cont1d,cont1d_ferro_spin_T_0_50_b2,cont1d_FerroSpins.mw,cont1d/cont1d_FerroSpins.mw,mean-field ferromagnet,spin/state snapshot,medium,Evolution of the spin dynamics from two different initial states for two temperatures. The corresponding mean states are displayed in Fig.~fig:cont1d_ferro_spin_mean_state.
cont1d,cont1d_ferro_spin_T_1_50_a2,cont1d_FerroSpins.mw,cont1d/cont1d_FerroSpins.mw,mean-field ferromagnet,spin/state snapshot,medium,Evolution of the spin dynamics from two different initial states for two temperatures. The corresponding mean states are displayed in Fig.~fig:cont1d_ferro_spin_mean_state.
cont1d,cont1d_ferro_spin_T_1_50_b2,cont1d_FerroSpins.mw,cont1d/cont1d_FerroSpins.mw,mean-field ferromagnet,spin/state snapshot,medium,Evolution of the spin dynamics from two different initial states for two temperatures. The corresponding mean states are displayed in Fig.~fig:cont1d_ferro_spin_mean_state.
cont1d,cont1d_ferro_spin_T_0_50_a3,cont1d_FerroSpins.mw,cont1d/cont1d_FerroSpins.mw,mean-field ferromagnet,spin/state snapshot,medium,Evolution of the spin dynamics from two different initial states for two temperatures. The corresponding mean states are displayed in Fig.~fig:cont1d_ferro_spin_mean_state.
cont1d,cont1d_ferro_spin_T_0_50_b3,cont1d_FerroSpins.mw,cont1d/cont1d_FerroSpins.mw,mean-field ferromagnet,spin/state snapshot,medium,Evolution of the spin dynamics from two different initial states for two temperatures. The corresponding mean states are displayed in Fig.~fig:cont1d_ferro_spin_mean_state.
cont1d,cont1d_ferro_spin_T_1_50_a3,cont1d_FerroSpins.mw,cont1d/cont1d_FerroSpins.mw,mean-field ferromagnet,spin/state snapshot,medium,Evolution of the spin dynamics from two different initial states for two temperatures. The corresponding mean states are displayed in Fig.~fig:cont1d_ferro_spin_mean_state.
cont1d,cont1d_ferro_spin_T_1_50_b3,cont1d_FerroSpins.mw,cont1d/cont1d_FerroSpins.mw,mean-field ferromagnet,spin/state snapshot,medium,Evolution of the spin dynamics from two different initial states for two temperatures. The corresponding mean states are displayed in Fig.~fig:cont1d_ferro_spin_mean_state.
cont1d,cont1d_ferro_spin_T_0_50_a4,cont1d_FerroSpins.mw,cont1d/cont1d_FerroSpins.mw,mean-field ferromagnet,spin/state snapshot,medium,Evolution of the spin dynamics from two different initial states for two temperatures. The corresponding mean states are displayed in Fig.~fig:cont1d_ferro_spin_mean_state.
cont1d,cont1d_ferro_spin_T_0_50_b4,cont1d_FerroSpins.mw,cont1d/cont1d_FerroSpins.mw,mean-field ferromagnet,spin/state snapshot,medium,Evolution of the spin dynamics from two different initial states for two temperatures. The corresponding mean states are displayed in Fig.~fig:cont1d_ferro_spin_mean_state.
cont1d,cont1d_ferro_spin_T_1_50_a4,cont1d_FerroSpins.mw,cont1d/cont1d_FerroSpins.mw,mean-field ferromagnet,spin/state snapshot,medium,Evolution of the spin dynamics from two different initial states for two temperatures. The corresponding mean states are displayed in Fig.~fig:cont1d_ferro_spin_mean_state.
cont1d,cont1d_ferro_spin_T_1_50_b4,cont1d_FerroSpins.mw,cont1d/cont1d_FerroSpins.mw,mean-field ferromagnet,spin/state snapshot,medium,Evolution of the spin dynamics from two different initial states for two temperatures. The corresponding mean states are displayed in Fig.~fig:cont1d_ferro_spin_mean_state.
cont1d,cont1d_ferro_spin_T_0_50_a5,cont1d_FerroSpins.mw,cont1d/cont1d_FerroSpins.mw,mean-field ferromagnet,spin/state snapshot,medium,Evolution of the spin dynamics from two different initial states for two temperatures. The corresponding mean states are displayed in Fig.~fig:cont1d_ferro_spin_mean_state.
cont1d,cont1d_ferro_spin_T_0_50_b5,cont1d_FerroSpins.mw,cont1d/cont1d_FerroSpins.mw,mean-field ferromagnet,spin/state snapshot,medium,Evolution of the spin dynamics from two different initial states for two temperatures. The corresponding mean states are displayed in Fig.~fig:cont1d_ferro_spin_mean_state.
cont1d,cont1d_ferro_spin_T_1_50_a5,cont1d_FerroSpins.mw,cont1d/cont1d_FerroSpins.mw,mean-field ferromagnet,spin/state snapshot,medium,Evolution of the spin dynamics from two different initial states for two temperatures. The corresponding mean states are displayed in Fig.~fig:cont1d_ferro_spin_mean_state.
cont1d,cont1d_ferro_spin_T_1_50_b5,cont1d_FerroSpins.mw,cont1d/cont1d_FerroSpins.mw,mean-field ferromagnet,spin/state snapshot,medium,Evolution of the spin dynamics from two different initial states for two temperatures. The corresponding mean states are displayed in Fig.~fig:cont1d_ferro_spin_mean_state.
cont1d,cont1d_ferro_spin_T_0_50,cont1d_FerroSpins.mw,cont1d/cont1d_FerroSpins.mw,mean-field ferromagnet,spin/state snapshot,medium,Evolution of the mean state x as a function of time t=n/N for the cases shown in Fig.~fig:cont1d_ferro_spin_evolution. Compare also with Fig.~fig:cont1d:ferro_pitch_evolution.
cont1d,cont1d_ferro_spin_T_1_50,cont1d_FerroSpins.mw,cont1d/cont1d_FerroSpins.mw,mean-field ferromagnet,spin/state snapshot,medium,Evolution of the mean state x as a function of time t=n/N for the cases shown in Fig.~fig:cont1d_ferro_spin_evolution. Compare also with Fig.~fig:cont1d:ferro_pitch_evolution.
cont1d,cont1d_climate_single_fp,cont1d_climate_single_fp.mw,cont1d/cont1d_climate_single_fp.mw,energy-balance climate model,,high,Average stationary temperature T_* of the earth as a function of the emissivity . Stable branches are black; unstable branches are gray.
cont1d,cont1d_climate_multiple_fp,cont1d_climate_single_fp.mw,cont1d/cont1d_climate_single_fp.mw,energy-balance climate model,,medium,Average stationary temperature T_* of the earth as a function of the emissivity . Stable branches are black; unstable branches are gray.
cont2d,cont2d_LV_time,cont2d_LV.mws,cont2d/cont2d_LV.mws,Lotka-Volterra predator-prey,time series,high,"Timeseries of Lotka-Volterra system for =3/4 and x(0)=0.25, y(0)=0.25."
cont2d,cont2d_phasespace,(no maple script found - likely hand-drawn schematic),,,phase portrait,n/a,"The system eq:cont2d:vecx cases the state vector x to change at a rate f, thereby moving it though the phase space and tracing out a unique trajectory."
cont2d,cont2d_LV_phase,cont2d_LV.mws,cont2d/cont2d_LV.mws,Lotka-Volterra predator-prey,phase portrait,high,Phase portrait of a periodic solution of the Lotka-Volterra system.
cont2d,cont2d_phase_r1,(no maple script found - likely hand-drawn schematic),,,phase portrait,n/a,The behaviour of a dynamic system in the neigbourhood of a fixed point.
cont2d,cont2d_phase_r2,(no maple script found - likely hand-drawn schematic),,,phase portrait,n/a,The behaviour of a dynamic system in the neigbourhood of a fixed point.
cont2d,cont2d_phase_r3,(no maple script found - likely hand-drawn schematic),,,phase portrait,n/a,The behaviour of a dynamic system in the neigbourhood of a fixed point.
cont2d,cont2d_phase_i1,(no maple script found - likely hand-drawn schematic),,,phase portrait,n/a,The behaviour of a dynamic system in the neigbourhood of a fixed point.
cont2d,cont2d_phase_i2,(no maple script found - likely hand-drawn schematic),,,phase portrait,n/a,The behaviour of a dynamic system in the neigbourhood of a fixed point.
cont2d,cont2d_phase_i3,(no maple script found - likely hand-drawn schematic),,,phase portrait,n/a,The behaviour of a dynamic system in the neigbourhood of a fixed point.
cont2d,cont2d_classification,(no maple script found - likely hand-drawn schematic),,,classification schematic,n/a,Classification of 2-D linear ODEs based on the trace T and determinant D of the matrix A.
cont2d,cont2d_zoo,(review - no maple script found),,,phase-space gallery,review,Example of the rich behavior of phase space for a nonlinear ODE.
cont2d,cont2d_LV_E,cont2d_LV6.mws,cont2d/cont2d_LV6.mws,Lotka-Volterra predator-prey,,high,Isocontours of the constant of motion H for the Lotka-Volterra system.
cont2d,cont2d_gradient_ell1,cont2d_gradient2.mws,cont2d/cont2d_gradient2.mws,gradient system,gradient field,high,". Typical trajectories for conservative and gradient systems for a surface S (H, V for conservative and gradient systems, respectively).. Left figures: 3-D plot of S. Right figures: isolines of S (black lines; trajectori"
cont2d,cont2d_gradient_ell2,cont2d_gradient2.mws,cont2d/cont2d_gradient2.mws,gradient system,gradient field,high,". Typical trajectories for conservative and gradient systems for a surface S (H, V for conservative and gradient systems, respectively).. Left figures: 3-D plot of S. Right figures: isolines of S (black lines; trajectori"
cont2d,cont2d_gradient_hyp1,cont2d_gradient2.mws,cont2d/cont2d_gradient2.mws,gradient system,gradient field,high,". Typical trajectories for conservative and gradient systems for a surface S (H, V for conservative and gradient systems, respectively).. Left figures: 3-D plot of S. Right figures: isolines of S (black lines; trajectori"
cont2d,cont2d_gradient_hyp2,cont2d_gradient2.mws,cont2d/cont2d_gradient2.mws,gradient system,gradient field,high,". Typical trajectories for conservative and gradient systems for a surface S (H, V for conservative and gradient systems, respectively).. Left figures: 3-D plot of S. Right figures: isolines of S (black lines; trajectori"
cont2d,cont2d_conservative_E,cont2d_conservative.mws,cont2d/cont2d_conservative.mws,conservative system (double well),,high,"Contours of H for the double well system. As the system is conservative, these are also the trajectories in phase space. Open circles: fixed points of the system."
cont2d,cont2d_Limit_time,cont2d_Limit2.mws,cont2d/cont2d_Limit2.mws,,time series,high,Limit cycle
cont2d,cont2d_Limit_phase,cont2d_Limit.mws,cont2d/cont2d_Limit.mws,,phase portrait,high,Limit cycle
cont2d,cont2d_vdPol_phase,cont2d_vdPol.mws,cont2d/cont2d_vdPol.mws,van der Pol oscillator,phase portrait,high,"van der Pol equation, =1."
cont2d,cont2d_pitchfork_phase1,cont2d_pitchfork5.mws,cont2d/cont2d_pitchfork5.mws,pitchfork normal form,phase portrait,high,"Supercritical pitchfork bifurcation for the system (eq:cont2d:pitchfork:x, eq:cont2d:pitchfork:y). (a, b) phase portraits for =-0.1 and =0.1; c) x^* as a function of ; d) the eigenvalues (which are purely real in this ca"
cont2d,cont2d_pitchfork_phase2,cont2d_pitchfork5.mws,cont2d/cont2d_pitchfork5.mws,pitchfork normal form,phase portrait,high,"Supercritical pitchfork bifurcation for the system (eq:cont2d:pitchfork:x, eq:cont2d:pitchfork:y). (a, b) phase portraits for =-0.1 and =0.1; c) x^* as a function of ; d) the eigenvalues (which are purely real in this ca"
cont2d,cont2d_pitchfork_fixed,cont2d_pitchfork.mw,cont2d/cont2d_pitchfork.mw,pitchfork normal form,,high,"Supercritical pitchfork bifurcation for the system (eq:cont2d:pitchfork:x, eq:cont2d:pitchfork:y). (a, b) phase portraits for =-0.1 and =0.1; c) x^* as a function of ; d) the eigenvalues (which are purely real in this ca"
cont2d,cont2d_pitchfork_stab,cont2d_pitchfork.mw,cont2d/cont2d_pitchfork.mw,pitchfork normal form,stability / eigenvalue plot,high,"Supercritical pitchfork bifurcation for the system (eq:cont2d:pitchfork:x, eq:cont2d:pitchfork:y). (a, b) phase portraits for =-0.1 and =0.1; c) x^* as a function of ; d) the eigenvalues (which are purely real in this ca"
cont2d,cont2d_Hopf_time1,cont2d_Hopf.mws,cont2d/cont2d_Hopf.mws,Hopf-bifurcation system,time series,high,"A Hopf bifurcation involves the transition of a fixed point from an stable spiral (_1,2<0) to an unstable spiral (_1,2>0)."
cont2d,cont2d_Hopf_phase1,cont2d_Hopf.mws,cont2d/cont2d_Hopf.mws,Hopf-bifurcation system,phase portrait,high,"A Hopf bifurcation involves the transition of a fixed point from an stable spiral (_1,2<0) to an unstable spiral (_1,2>0)."
cont2d,cont2d_Hopf_time2,cont2d_Hopf.mws,cont2d/cont2d_Hopf.mws,Hopf-bifurcation system,time series,high,"A Hopf bifurcation involves the transition of a fixed point from an stable spiral (_1,2<0) to an unstable spiral (_1,2>0)."
cont2d,cont2d_Hopf_phase2,cont2d_Hopf.mws,cont2d/cont2d_Hopf.mws,Hopf-bifurcation system,phase portrait,high,"A Hopf bifurcation involves the transition of a fixed point from an stable spiral (_1,2<0) to an unstable spiral (_1,2>0)."
cont2d,cont2d_Hopf_ev1,cont2d_Hopf2.mws,cont2d/cont2d_Hopf2.mws,Hopf-bifurcation system,eigenvalue plot,high,"A Hopf bifurcation involves the transition of a fixed point from an stable spiral (_1,2<0) to an unstable spiral (_1,2>0)."
cont2d,cont2d_Hopf_ev2,cont2d_Hopf2.mws,cont2d/cont2d_Hopf2.mws,Hopf-bifurcation system,eigenvalue plot,high,"A Hopf bifurcation involves the transition of a fixed point from an stable spiral (_1,2<0) to an unstable spiral (_1,2>0)."
cont2d,cont2d_global_phase1,cont2d_global.mws,cont2d/cont2d_global.mws,,phase portrait,high,"A blue sky limit cycle. (a, b) The phase portraits just before and after the bifurcation. (c) dr/dt as a function of r. (d) stability diagram of the fixed points."
cont2d,cont2d_global_phase2,cont2d_global.mws,cont2d/cont2d_global.mws,,phase portrait,high,"A blue sky limit cycle. (a, b) The phase portraits just before and after the bifurcation. (c) dr/dt as a function of r. (d) stability diagram of the fixed points."
cont2d,cont2d_global_r,cont2d_global.mws,cont2d/cont2d_global.mws,,,high,"A blue sky limit cycle. (a, b) The phase portraits just before and after the bifurcation. (c) dr/dt as a function of r. (d) stability diagram of the fixed points."
cont2d,cont2d_global_fixed,cont2d_global2.mws,cont2d/cont2d_global2.mws,,,high,"A blue sky limit cycle. (a, b) The phase portraits just before and after the bifurcation. (c) dr/dt as a function of r. (d) stability diagram of the fixed points."
cont2d,cont2d_LV_Allee_stab_Re,cont2d_LV_Allee2.mws,cont2d/cont2d_LV_Allee2.mws,Lotka-Volterra predator-prey,stability / eigenvalue plot,high,"Eigenvalues for fixed point (XXX, XXX) for Eqs (eq:cont2d:LV_Allee_x, eq:cont2d:LV_Allee_y)."
cont2d,cont2d_LV_Allee_stab_Im,cont2d_LV_Allee2.mws,cont2d/cont2d_LV_Allee2.mws,Lotka-Volterra predator-prey,stability / eigenvalue plot,high,"Eigenvalues for fixed point (XXX, XXX) for Eqs (eq:cont2d:LV_Allee_x, eq:cont2d:LV_Allee_y)."
cont2d,cont2d_LV_Allee_extinct1,cont2d_LV_Allee5.mws,cont2d/cont2d_LV_Allee5.mws,Lotka-Volterra predator-prey,,high,Knowing the basin of attraction - population extinction
cont2d,cont2d_LV_Allee_extinct2,cont2d_LV_Allee5.mws,cont2d/cont2d_LV_Allee5.mws,Lotka-Volterra predator-prey,,high,Knowing the basin of attraction - population extinction
cont3d,cont3d_lorenz_time,cont3d_lorenz.mw,cont3d/cont3d_lorenz.mw,Lorenz system,time series,high,A typical timeseries of x showing typical aperiodic behavior.
cont3d,cont3d_lorenz_attractor,cont3d_lorenz.mw,cont3d/cont3d_lorenz.mw,Lorenz system,strange attractor (trajectory),high,The strange attractor of the Lorenz equations. (a) single trajectory x(t). (b) All trajectories in the basin of attraction end up on the strange attractor.
cont3d,cont3d_lorenz_attraction,cont3d_lorenz.mw,cont3d/cont3d_lorenz.mw,Lorenz system,,medium,The strange attractor of the Lorenz equations. (a) single trajectory x(t). (b) All trajectories in the basin of attraction end up on the strange attractor.
cont3d,cont3d_lorenz_lyapunov,cont3d_lorenz.mw,cont3d/cont3d_lorenz.mw,Lorenz system,Lyapunov exponent,high,The growth of a small perturbation in the initial values. The effective Lyapunov exponent _e  0.9.
cont3d,cont3d_LorenzLyapEffective,cont3d_lorenz.mw,cont3d/cont3d_lorenz.mw,Lorenz system,Lyapunov exponent,medium,Instantaneous (effective) Lyapunov exponent _e determined for the Lorenz system from eq:cont3d:lyap_instant.
cont3d,cont3d_lyap_formal,cont3d_lorenz.mw,cont3d/cont3d_lorenz.mw,,Lyapunov exponent,medium,"A sketch of a trajectory x(t) and %the perturbation vector (t), together with the eigenvectors %e_1, e_2 of the Jacobian _S(t) along the trajectory."
cont3d,cont3d_LorenzLyapComprehensive,cont3d_lorenz.mw,cont3d/cont3d_lorenz.mw,Lorenz system,Lyapunov exponent,medium,"The three Lyapunov exponents of the Lorenz system as well as the effective Lyapunov exponent _e (black line). Bottom: Cumulative average of the Lyapunov exponents in time, showing the convergence to _e  0.9."
cont3d,cont3d_LorenzLyapCumulative,cont3d_lorenz.mw,cont3d/cont3d_lorenz.mw,Lorenz system,Lyapunov exponent,medium,"The three Lyapunov exponents of the Lorenz system as well as the effective Lyapunov exponent _e (black line). Bottom: Cumulative average of the Lyapunov exponents in time, showing the convergence to _e  0.9."
cont3d,cont3d_lorenzlyapattractor,cont3d_lorenz.mw,cont3d/cont3d_lorenz.mw,Lorenz system,strange attractor (trajectory),medium,"Effective Lyapunov exponent _e on the attractor. Circles denote _e > 6, and crosses _e < -6"
cont3d,cont3d_lorenz_attractoryz,cont3d_lorenz.mw,cont3d/cont3d_lorenz.mw,Lorenz system,strange attractor (trajectory),high,Phase space projection to the y-z plane. Note the apparent relation between succeeding maxima of z.
cont3d,cont3d_lorenz_zmax,cont3d_lorenz.mw,cont3d/cont3d_lorenz.mw,Lorenz system,,high,"Construction of the Lorenz-map (b) of the Lorenz system, obtained by making a return plot of the data in Fig.~fig:cont3d:lorenzmap:zmax."
cont3d,cont3d_lorenz_map,cont3d_lorenz.mw,cont3d/cont3d_lorenz.mw,Lorenz system,,high,"Construction of the Lorenz-map (b) of the Lorenz system, obtained by making a return plot of the data in Fig.~fig:cont3d:lorenzmap:zmax."
cont3d,cont3d_poincaresection,cont3d_poincare_example.mw,cont3d/cont3d_poincare_example.mw,,Poincare section/map,high,A Poincar\'e section samples the intersections of a trajectory in phase space with the surface S. Strogatz1994.
cont3d,cont3d_poincare_exphase,cont3d_poincare_example.mw,cont3d/cont3d_poincare_example.mw,,phase portrait,high,Phaseportrait and the mapping for the Poincar\'e section.
cont3d,cont3d_poincare_exmap,cont3d_poincare_example.mw,cont3d/cont3d_poincare_example.mw,,Poincare section/map,high,Phaseportrait and the mapping for the Poincar\'e section.
cont3d,cont3d_poincare_exseq,cont3d_poincare_example.mw,cont3d/cont3d_poincare_example.mw,,Poincare section/map,high,Phaseportrait and the mapping for the Poincar\'e section.
cont3d,cont3d_lorenz_poincare,cont3d_lorenz.mw,cont3d/cont3d_lorenz.mw,Lorenz system,Poincare section/map,high,Poincare section at y=0 for the Lorenz system.
cont3d,cont3d_rosslerattractor,cont3d_rossler.mw,cont3d/cont3d_rossler.mw,Rossler system,strange attractor (trajectory),high,"The strange attractor %of the R\""ossler system for a=0.432, b=2 and c=4."
cont3d,cont3d_rosslertopology,cont3d_rossler.mw,cont3d/cont3d_rossler.mw,Rossler system,,high,"The strange attractor %of the R\""ossler system for a=0.432, b=2 and c=4."
cont3d,cont3d_rosslerperiod1a,cont3d_rossler.mw,cont3d/cont3d_rossler.mw,Rossler system,,high,"The period doubling route to chaos of the R\""ossler system."
cont3d,cont3d_rosslerperiod1b,cont3d_rossler.mw,cont3d/cont3d_rossler.mw,Rossler system,,high,"The period doubling route to chaos of the R\""ossler system."
cont3d,cont3d_rosslerperiod2a,cont3d_rossler.mw,cont3d/cont3d_rossler.mw,Rossler system,,high,"The period doubling route to chaos of the R\""ossler system."
cont3d,cont3d_rosslerperiod2b,cont3d_rossler.mw,cont3d/cont3d_rossler.mw,Rossler system,,high,"The period doubling route to chaos of the R\""ossler system."
cont3d,cont3d_rosslerperiod3a,cont3d_rossler.mw,cont3d/cont3d_rossler.mw,Rossler system,,high,"The period doubling route to chaos of the R\""ossler system."
cont3d,cont3d_rosslerperiod3b,cont3d_rossler.mw,cont3d/cont3d_rossler.mw,Rossler system,,high,"The period doubling route to chaos of the R\""ossler system."
cont3d,cont3d_rosslerperiod4a,cont3d_rossler.mw,cont3d/cont3d_rossler.mw,Rossler system,,high,"The period doubling route to chaos of the R\""ossler system."
cont3d,cont3d_rosslerperiod4b,cont3d_rossler.mw,cont3d/cont3d_rossler.mw,Rossler system,,high,"The period doubling route to chaos of the R\""ossler system."
cont3d,cont3d_rosslerreturn,cont3d_rossler.mw,cont3d/cont3d_rossler.mw,Rossler system,return map (x_{n+1} vs x_n),high,"Return map based on maxima in x for the R\""ossler system at c=4"
cont3d,cont3d_rosslerbifurcation,cont3d_rossler.mw,cont3d/cont3d_rossler.mw,Rossler system,bifurcation diagram,high,"Bifurcation diagram of the R\""ossler and Lorenz equations based on maxima in x and z, respectively."
cont3d,cont3d_lorenz_bifurcation,new.mw,cont3d/new.mw,Lorenz system,bifurcation diagram,high,"Bifurcation diagram of the R\""ossler and Lorenz equations based on maxima in x and z, respectively."
cont3d,cont3d_doublewell,cont3d_forced.mws,cont3d/cont3d_forced.mws,double-well potential,,medium,Sketch of the mechanical system Strogatz1994.
cont3d,cont3d_doublewell_phasespace,cont3d_forced.mws,cont3d/cont3d_forced.mws,double-well potential,phase portrait,high,"a) An (x,y) projection of a phase space trajectory for the forced double-well system (red line), together with contours of the total energy (black lines) and the three fixed points (circles). The forcing is of sufficient"
cont3d,cont3d_doublewell_poincare,cont3d_forced.mws,cont3d/cont3d_forced.mws,double-well potential,Poincare section/map,high,"a) An (x,y) projection of a phase space trajectory for the forced double-well system (red line), together with contours of the total energy (black lines) and the three fixed points (circles). The forcing is of sufficient"
cont3d,cont4d_3body_V,cont4d_3body.mw,cont3d/cont4d_3body.mw,three-body / restricted problem,,medium,"The potential V for the restricted three-body system at =0.2. (a) isolines of V and the Lagrange points (red diamonds). (b) a cross-section of V at y=0, showing the wells with singularies at x=- and x=1-, as well are the"
cont3d,cont4d_3body_Vcut,cont4d_3body.mw,cont3d/cont4d_3body.mw,three-body / restricted problem,,medium,"The potential V for the restricted three-body system at =0.2. (a) isolines of V and the Lagrange points (red diamonds). (b) a cross-section of V at y=0, showing the wells with singularies at x=- and x=1-, as well are the"
cont3d,cont4d_3body_traj1,cont4d_3body.mw,cont3d/cont4d_3body.mw,three-body / restricted problem,,medium,". The behaviour of the three-body system at =0.2 for four different initial conditions. (a-d) the trajectories in space. (e) (x_n, u_n) projection of a Poincar\'e section at y=0 (colours correspond to different initial c"
cont3d,cont4d_3body_traj2,cont4d_3body.mw,cont3d/cont4d_3body.mw,three-body / restricted problem,,medium,". The behaviour of the three-body system at =0.2 for four different initial conditions. (a-d) the trajectories in space. (e) (x_n, u_n) projection of a Poincar\'e section at y=0 (colours correspond to different initial c"
cont3d,cont4d_3body_traj3,cont4d_3body.mw,cont3d/cont4d_3body.mw,three-body / restricted problem,,medium,". The behaviour of the three-body system at =0.2 for four different initial conditions. (a-d) the trajectories in space. (e) (x_n, u_n) projection of a Poincar\'e section at y=0 (colours correspond to different initial c"
cont3d,cont4d_3body_traj4,cont4d_3body.mw,cont3d/cont4d_3body.mw,three-body / restricted problem,,medium,". The behaviour of the three-body system at =0.2 for four different initial conditions. (a-d) the trajectories in space. (e) (x_n, u_n) projection of a Poincar\'e section at y=0 (colours correspond to different initial c"
cont3d,cont4d_3body_Poincare,cont4d_3body.mw,cont3d/cont4d_3body.mw,three-body / restricted problem,Poincare section/map,medium,". The behaviour of the three-body system at =0.2 for four different initial conditions. (a-d) the trajectories in space. (e) (x_n, u_n) projection of a Poincar\'e section at y=0 (colours correspond to different initial c"
